Survey,FIPS,FIPS,Region,Division,County,,1-unit,,,2-units,,,3-4 units,,,5+ units,,,1-unit rep,,,2-units rep,,,3-4 units rep,,, 5+units rep
Date,State,County,Code,Code,Name,Bldgs,Units,Value,Bldgs,Units,Value,Bldgs,Units,Value,Bldgs,Units,Value,Bldgs,Units,Value,Bldgs,Units,Value,Bldgs,Units,Value,Bldgs,Units,Value
 
202012,01,001,3,6,Autauga County                ,332,332,105453108,0,0,0,0,0,0,0,0,0,332,332,105453108,0,0,0,0,0,0,0,0,0
202012,01,007,3,6,Bibb County                   ,37,37,9632000,0,0,0,0,0,0,0,0,0,37,37,9632000,0,0,0,0,0,0,0,0,0
202012,01,009,3,6,Blount County                 ,23,23,3325710,0,0,0,0,0,0,0,0,0,22,22,3264316,0,0,0,0,0,0,0,0,0
202012,01,021,3,6,Chilton County                ,41,41,6011287,0,0,0,0,0,0,0,0,0,41,41,6011287,0,0,0,0,0,0,0,0,0
202012,01,073,3,6,Jefferson County              ,1566,1566,503947869,12,24,3213159,0,0,0,21,307,31215007,1318,1318,449737105,2,4,739869,0,0,0,8,200,20330546
202012,01,081,3,6,Lee County                    ,1316,1316,355549489,9,18,3391057,5,18,3982280,59,869,126024813,1087,1087,301824474,7,14,2532517,5,18,3982280,57,859,124951291
202012,01,083,3,6,Limestone County              ,376,376,85430934,1,2,162000,4,15,4353000,5,30,1800000,373,373,85045221,1,2,162000,4,15,4353000,5,30,1800000
202012,01,089,3,6,Madison County                ,3835,3835,692060641,12,24,2022660,0,0,0,2,60,7004200,3239,3239,570072531,12,24,2022660,0,0,0,2,60,7004200
202012,01,113,3,6,Russell County                ,138,138,24688037,6,12,670739,0,0,0,6,72,10250347,138,138,24688037,6,12,670739,0,0,0,6,72,10250347
202012,01,115,3,6,St. Clair County              ,387,387,60261546,1,2,175000,0,0,0,0,0,0,283,283,40324835,0,0,0,0,0,0,0,0,0
202012,01,117,3,6,Shelby County                 ,1489,1489,411196538,0,0,0,0,0,0,0,0,0,1469,1469,406719969,0,0,0,0,0,0,0,0,0
202012,01,127,3,6,Walker County                 ,51,51,8274760,0,0,0,0,0,0,0,0,0,50,50,8038353,0,0,0,0,0,0,0,0,0
202012,02,013,4,9,Aleutians East Borough        ,0,0,0,0,0,0,0,0,0,0,0,0,0,0,0,0,0,0,0,0,0,0,0,0
202012,02,016,4,9,Aleutians West Census Area    ,1,1,296834,2,4,691450,0,0,0,0,0,0,1,1,296834,2,4,691450,0,0,0,0,0,0
202012,02,020,4,9,Anchorage Municipality        ,735,735,235176416,1,2,564514,12,44,7572140,15,189,28392597,35,35,15893190,1,2,564514,2,8,1318544,3,75,10369703
202012,02,050,4,9,Bethel Census Area            ,11,11,3265172,2,4,691450,0,0,0,0,0,0,11,11,3265172,2,4,691450,0,0,0,0,0,0
202012,02,060,4,9,Bristol Bay Borough           ,1,1,155000,0,0,0,0,0,0,0,0,0,1,1,155000,0,0,0,0,0,0,0,0,0
202012,02,070,4,9,Dillingham Census Area        ,0,0,0,0,0,0,0,0,0,0,0,0,0,0,0,0,0,0,0,0,0,0,0,0
202012,02,090,4,9,Fairbanks North Star Borough  ,8,8,2701966,0,0,0,3,11,2279892,0,0,0,7,7,2353846,0,0,0,3,11,2279892,0,0,0
202012,02,100,4,9,Haines Borough                ,5,5,697776,0,0,0,0,0,0,0,0,0,1,1,100000,0,0,0,0,0,0,0,0,0
202012,02,105,4,9,Hoonah-Angoon Census Area     ,5,5,1484169,0,0,0,0,0,0,1,16,7000000,5,5,1484169,0,0,0,0,0,0,1,16,7000000
202012,02,110,4,9,Juneau City and Borough       ,40,40,9015750,3,6,1093993,0,0,0,0,0,0,40,40,9015750,3,6,1093993,0,0,0,0,0,0
202012,02,122,4,9,Kenai Peninsula Borough       ,83,83,23050940,2,4,530000,3,10,1727000,0,0,0,52,52,16304000,2,4,530000,3,10,1727000,0,0,0
202012,02,130,4,9,Ketchikan Gateway Borough     ,35,35,10113242,2,4,691450,1,4,594546,0,0,0,35,35,10113242,2,4,691450,1,4,594546,0,0,0
202012,02,150,4,9,Kodiak Island Borough         ,8,8,1908220,1,2,495399,3,9,1278274,0,0,0,8,8,1908220,1,2,495399,3,9,1278274,0,0,0
202012,02,170,4,9,Matanuska-Susitna Borough     ,36,36,9065291,8,16,2765800,2,8,1189092,0,0,0,36,36,9065291,8,16,2765800,2,8,1189092,0,0,0
202012,02,180,4,9,Nome Census Area              ,8,8,1439578,0,0,0,0,0,0,0,0,0,3,3,529828,0,0,0,0,0,0,0,0,0
202012,02,185,4,9,North Slope Borough           ,5,5,1484169,0,0,0,0,0,0,0,0,0,5,5,1484169,0,0,0,0,0,0,0,0,0
202012,02,188,4,9,Northwest Arctic Borough      ,12,12,3868170,0,0,0,0,0,0,0,0,0,10,10,2681504,0,0,0,0,0,0,0,0,0
202012,02,195,4,9,Petersburg Borough            ,4,4,1051766,5,10,1675000,0,0,0,1,15,6000000,2,2,670000,5,10,1675000,0,0,0,1,15,6000000
202012,02,198,4,9,Prince of Wales-Hyder Census A,0,0,0,0,0,0,0,0,0,0,0,0,0,0,0,0,0,0,0,0,0,0,0,0
202012,02,220,4,9,Sitka City and Borough        ,8,8,1760372,1,2,306156,0,0,0,0,0,0,0,0,0,0,0,0,0,0,0,0,0,0
202012,02,230,4,9,Skagway Municipality          ,1,1,300000,0,0,0,0,0,0,0,0,0,1,1,300000,0,0,0,0,0,0,0,0,0
202012,02,261,4,9,Valdez-Cordova Census Area    ,16,16,3913900,0,0,0,0,0,0,0,0,0,14,14,3496500,0,0,0,0,0,0,0,0,0
202012,02,275,4,9,Wrangell City and Borough     ,3,3,615000,0,0,0,0,0,0,0,0,0,3,3,615000,0,0,0,0,0,0,0,0,0
202012,02,282,4,9,Yakutat City and Borough      ,5,5,1107425,0,0,0,0,0,0,0,0,0,4,4,940502,0,0,0,0,0,0,0,0,0
202012,02,290,4,9,Yukon-Koyukuk Census Area     ,2,2,593668,0,0,0,0,0,0,0,0,0,2,2,593668,0,0,0,0,0,0,0,0,0
202012,04,013,4,8,Maricopa County               ,25614,25614,7186761382,328,656,80288022,59,195,37061404,442,13851,1830942016,25416,25416,7124242243,319,638,77676800,58,192,36365158,428,12606,1614290535
202012,04,019,4,8,Pima County                   ,4242,4242,1287775253,23,46,6119199,0,0,0,44,670,100520634,3336,3336,1056739955,4,8,1430241,0,0,0,5,25,2967032
202012,04,021,4,8,Pinal County                  ,6110,6110,1251758042,1,2,147442,3,12,857288,5,178,9464912,5927,5927,1209387207,1,2,147442,3,12,857288,5,178,9464912
202012,05,013,3,7,Calhoun County                ,0,0,0,0,0,0,0,0,0,0,0,0,0,0,0,0,0,0,0,0,0,0,0,0
202012,05,035,3,7,Crittenden County             ,73,73,15265217,1,2,232000,0,0,0,0,0,0,68,68,14099952,1,2,232000,0,0,0,0,0,0
202012,05,043,3,7,Drew County                   ,9,9,1258880,0,0,0,0,0,0,0,0,0,6,6,1072379,0,0,0,0,0,0,0,0,0
202012,05,045,3,7,Faulkner County               ,358,358,78206328,11,22,1668714,0,0,0,12,83,2285077,109,109,20197615,0,0,0,0,0,0,0,0,0
202012,05,053,3,7,Grant County                  ,34,34,5624447,0,0,0,0,0,0,0,0,0,0,0,0,0,0,0,0,0,0,0,0,0
202012,05,085,3,7,Lonoke County                 ,397,397,47054867,1,2,172108,0,0,0,0,0,0,191,191,29292162,1,2,172108,0,0,0,0,0,0
202012,05,087,3,7,Madison County                ,51,51,7785827,0,0,0,0,0,0,0,0,0,51,51,7785827,0,0,0,0,0,0,0,0,0
202012,05,091,3,7,Miller County                 ,23,23,5115362,0,0,0,0,0,0,0,0,0,17,17,3859000,0,0,0,0,0,0,0,0,0
202012,05,105,3,7,Perry County                  ,2,2,57705,0,0,0,2,6,66667,0,0,0,2,2,57705,0,0,0,2,6,66667,0,0,0
202012,05,119,3,7,Pulaski County                ,880,880,225277057,13,26,3303000,31,93,8812950,19,316,28109004,880,880,225277057,13,26,3303000,31,93,8812950,19,316,28109004
202012,05,129,3,7,Searcy County                 ,0,0,0,0,0,0,0,0,0,0,0,0,0,0,0,0,0,0,0,0,0,0,0,0
202012,05,143,3,7,Washington County             ,1459,1459,384718782,55,110,21237489,12,47,6981198,39,398,59878230,1450,1450,382856087,55,110,21237489,12,47,6981198,39,398,59878230
202012,06,001,4,9,Alameda County                ,1336,1336,426040532,17,34,9516210,23,81,19700152,98,2791,740488940,823,823,254164913,14,28,7795001,15,55,12275324,66,2492,673620112
202012,06,013,4,9,Contra Costa County           ,1561,1561,465581568,2,4,1093236,3,10,1707512,37,1332,243699544,1538,1538,461638016,1,2,343236,3,10,1707512,32,1193,222686534
202012,06,017,4,9,El Dorado County              ,617,617,214268816,1,2,150000,0,0,0,0,0,0,617,617,214268816,1,2,150000,0,0,0,0,0,0
202012,06,019,4,9,Fresno County                 ,2631,2631,796592521,34,68,9391602,13,46,4187265,37,353,48331271,1528,1528,442532038,12,24,1759559,7,28,3039335,5,134,20233060
202012,06,037,4,9,Los Angeles County            ,6569,6569,1933094775,562,1124,223929284,55,184,40483955,340,12823,2532527184,5968,5968,1692038550,547,1094,218248087,28,98,23834248,288,12401,2459601494
202012,06,041,4,9,Marin County                  ,134,134,72267477,7,14,10718750,1,3,350000,2,11,2364269,86,86,36349781,0,0,0,1,3,350000,0,0,0
202012,06,059,4,9,Orange County                 ,3011,3011,899202675,75,150,40222655,70,240,57926474,88,2973,562400196,2816,2816,756566091,51,102,24222368,68,234,56603338,75,2658,492950735
202012,06,061,4,9,Placer County                 ,2632,2632,854882202,9,18,3530814,0,0,0,24,524,68911953,2616,2616,849512518,9,18,3530814,0,0,0,24,524,68911953
202012,06,063,4,9,Plumas County                 ,42,42,8232847,0,0,0,0,0,0,0,0,0,42,42,8232847,0,0,0,0,0,0,0,0,0
202012,06,067,4,9,Sacramento County             ,3444,3444,931702546,44,88,12554473,23,89,17971250,59,2487,437988973,3442,3442,931238708,44,88,12554473,23,89,17971250,59,2487,437988973
202012,06,069,4,9,San Benito County             ,508,508,145492956,0,0,0,0,0,0,0,0,0,451,451,123874988,0,0,0,0,0,0,0,0,0
202012,06,071,4,9,San Bernardino County         ,4088,4088,1025813365,103,206,22389709,48,187,36529557,83,700,98855156,3851,3851,965865699,103,206,22389709,48,187,36529557,71,634,94989436
202012,06,073,4,9,San Diego County              ,2898,2898,821309024,45,90,17798486,119,406,79328695,193,6053,1076429993,2872,2872,814891187,45,90,17798486,119,406,79328695,192,6015,1072529675
202012,06,075,4,9,San Francisco County          ,21,21,5832607,6,12,3021795,5,16,6459947,27,1955,770759604,21,21,5832607,6,12,3021795,5,16,6459947,27,1955,770759604
202012,06,081,4,9,San Mateo County              ,345,345,249656920,3,6,1769696,1,4,1972578,24,322,87598781,228,228,184197935,1,2,689396,1,4,1972578,6,182,57733694
202012,06,085,4,9,Santa Clara County            ,1350,1350,537750809,7,14,3794333,6,19,4961546,64,4057,488558076,1158,1158,454624352,4,8,2015890,1,3,720859,43,3575,403682564
202012,06,091,4,9,Sierra County                 ,8,8,2784296,0,0,0,0,0,0,0,0,0,8,8,2784296,0,0,0,0,0,0,0,0,0
202012,06,113,4,9,Yolo County                   ,589,589,193578090,3,6,1439600,0,0,0,43,576,92796539,566,566,186348405,1,2,474000,0,0,0,41,563,89460406
202012,08,001,4,8,Adams County                  ,2735,2735,697901095,70,140,16886309,4,14,2967022,19,957,129211770,2735,2735,697901095,70,140,16886309,4,14,2967022,19,957,129211770
202012,08,005,4,8,Arapahoe County               ,2918,2918,828649875,2,4,1309654,2,6,1257375,35,1178,140470306,2827,2827,803038834,2,4,1309654,2,6,1257375,32,1141,135476435
202012,08,014,4,8,Broomfield County             ,223,223,90164332,49,98,22203554,1,3,600000,12,103,15755230,223,223,90164332,49,98,22203554,1,3,600000,12,103,15755230
202012,08,015,4,8,Chaffee County                ,155,155,39693352,2,4,647924,9,27,4947300,0,0,0,11,11,2408693,0,0,0,0,0,0,0,0,0
202012,08,019,4,8,Clear Creek County            ,25,25,7345696,0,0,0,0,0,0,3,72,8700000,7,7,2108570,0,0,0,0,0,0,3,72,8700000
202012,08,031,4,8,Denver County                 ,1167,1167,324142283,0,0,0,0,0,0,42,3892,507380807,1167,1167,324142283,0,0,0,0,0,0,42,3892,507380807
202012,08,035,4,8,Douglas County                ,2816,2816,879243805,24,48,10208759,22,78,12818097,13,447,63883195,2792,2792,870026039,24,48,10208759,22,78,12818097,13,447,63883195
202012,08,039,4,8,Elbert County                 ,299,299,87097012,0,0,0,0,0,0,0,0,0,296,296,86670013,0,0,0,0,0,0,0,0,0
202012,08,041,4,8,El Paso County                ,4928,4928,1834927574,150,300,30655491,1,4,1007100,34,1587,231933885,4928,4928,1834927574,150,300,30655491,1,4,1007100,34,1587,231933885
202012,08,047,4,8,Gilpin County                 ,20,20,5554169,0,0,0,0,0,0,0,0,0,20,20,5554169,0,0,0,0,0,0,0,0,0
202012,08,059,4,8,Jefferson County              ,823,823,252833821,14,28,5530844,0,0,0,17,1310,236160034,823,823,252833821,14,28,5530844,0,0,0,17,1310,236160034
202012,08,069,4,8,Larimer County                ,2193,2193,610498645,5,10,1747880,1,4,692000,32,386,52690842,2155,2155,601421194,5,10,1747880,1,4,692000,29,369,51183592
202012,08,077,4,8,Mesa County                   ,778,778,125524241,9,18,2184143,0,0,0,8,208,16516270,778,778,125524241,9,18,2184143,0,0,0,8,208,16516270
202012,08,093,4,8,Park County                   ,162,162,41850694,0,0,0,0,0,0,0,0,0,162,162,41850694,0,0,0,0,0,0,0,0,0
202012,08,101,4,8,Pueblo County                 ,581,581,93289388,0,0,0,0,0,0,0,0,0,487,487,78091568,0,0,0,0,0,0,0,0,0
202012,08,119,4,8,Teller County                 ,111,111,35557810,1,2,233000,0,0,0,0,0,0,108,108,35257810,1,2,233000,0,0,0,0,0,0
202012,09,001,1,1,Fairfield County              ,653,653,352505981,26,52,9129218,1,4,1200000,42,1168,149899508,546,546,269460664,19,38,8068284,1,4,1200000,29,1042,116726825
202012,09,003,1,1,Hartford County               ,532,532,118020037,13,26,2421400,9,35,5341306,23,254,23016129,466,466,104003168,8,16,1421400,9,35,5341306,11,189,19851526
202012,09,007,1,1,Middlesex County              ,147,147,38320873,0,0,0,0,0,0,2,67,5538000,115,115,31495910,0,0,0,0,0,0,2,67,5538000
202012,09,013,1,1,Tolland County                ,125,125,29492877,2,4,440000,0,0,0,19,206,15561090,64,64,15398933,0,0,0,0,0,0,3,108,4507866
202012,10,001,3,5,Kent County                   ,1666,1666,235087136,39,78,7214635,2,7,925999,25,385,46482078,1643,1643,230142051,39,78,7214635,2,7,925999,25,385,46482078
202012,10,003,3,5,New Castle County             ,1465,1465,147522276,0,0,0,3,12,2851173,25,320,35302254,349,349,38838290,0,0,0,3,12,2851173,16,274,31459607
202012,10,005,3,5,Sussex County                 ,3971,3971,561760876,116,232,26175801,14,52,5516792,27,268,30640138,3971,3971,561760876,116,232,26175801,14,52,5516792,27,268,30640138
202012,11,001,3,5,Washington  DC                ,139,139,32491486,47,94,11189746,1,4,523182,52,7133,842389979,139,139,32491486,47,94,11189746,1,4,523182,52,7133,842389979
202012,12,003,3,5,Baker County                  ,152,152,27844012,0,0,0,0,0,0,0,0,0,152,152,27844012,0,0,0,0,0,0,0,0,0
202012,12,019,3,5,Clay County                   ,1126,1126,250384606,5,10,1040000,0,0,0,9,298,27464524,1124,1124,250069050,5,10,1040000,0,0,0,9,298,27464524
202012,12,029,3,5,Dixie County                  ,43,43,4055144,0,0,0,0,0,0,0,0,0,24,24,1655000,0,0,0,0,0,0,0,0,0
202012,12,031,3,5,Duval County                  ,5481,5481,1295904457,29,58,7431448,35,140,18353092,44,2568,302267198,5465,5465,1290390590,29,58,7431448,35,140,18353092,44,2568,302267198
202012,12,033,3,5,Escambia County               ,1922,1922,455693165,8,16,698200,4,12,987386,12,260,22355661,1922,1922,455693165,8,16,698200,4,12,987386,12,260,22355661
202012,12,053,3,5,Hernando County               ,984,984,233058153,6,12,816000,5,20,2667690,13,84,12730533,984,984,233058153,6,12,816000,5,20,2667690,13,84,12730533
202012,12,057,3,5,Hillsborough County           ,8817,8817,2913337689,12,24,2741443,6,19,4616353,36,3480,621410470,8805,8805,2912073084,12,24,2741443,6,19,4616353,36,3480,621410470
202012,12,067,3,5,Lafayette County              ,34,34,2454158,0,0,0,0,0,0,0,0,0,32,32,1987948,0,0,0,0,0,0,0,0,0
202012,12,071,3,5,Lee County                    ,6822,6822,1427341341,224,448,50013907,27,108,27953019,116,3298,431684967,6800,6800,1422695570,223,446,49867658,27,108,27953019,113,3254,426952432
202012,12,073,3,5,Leon County                   ,789,789,155738579,10,20,2216000,0,0,0,41,1088,139042831,0,0,0,0,0,0,0,0,0,0,0,0
202012,12,081,3,5,Manatee County                ,4278,4278,931470979,51,102,7031450,14,56,6706280,30,614,59110618,4278,4278,931470979,51,102,7031450,14,56,6706280,30,614,59110618
202012,12,086,3,5,Miami-Dade County             ,2133,2133,645372825,137,274,54382090,60,224,16631070,168,7284,1064534992,1857,1857,561281575,137,274,54382090,60,224,16631070,168,7284,1064534992
202012,12,089,3,5,Nassau County                 ,1237,1237,327500334,0,0,0,2,8,482529,9,193,2182392,814,814,222347009,0,0,0,2,8,482529,8,188,1020952
202012,12,091,3,5,Okaloosa County               ,925,925,293027940,4,8,1553730,0,0,0,9,60,13620641,843,843,270719856,4,8,1553730,0,0,0,9,60,13620641
202012,12,095,3,5,Orange County                 ,5501,5501,1728973570,137,274,52978165,8,31,6184813,118,5852,804972082,5151,5151,1646249219,136,272,52612227,7,28,5827999,114,5624,775652278
202012,12,097,3,5,Osceola County                ,4970,4970,1087057369,11,22,2460506,20,80,7806869,13,776,74888524,4970,4970,1087057369,11,22,2460506,20,80,7806869,13,776,74888524
202012,12,101,3,5,Pasco County                  ,5302,5302,1098630842,7,14,2185485,1,4,51000,7,52,2792419,5248,5248,1091473455,3,6,1065485,1,4,51000,1,22,204919
202012,12,103,3,5,Pinellas County               ,925,925,296727800,11,22,3305664,1,3,1199800,11,290,42375681,880,880,280146296,9,18,2534998,1,3,1199800,7,270,33255681
202012,12,109,3,5,St. Johns County              ,5050,5050,1369621024,0,0,0,4,16,3151589,3,24,4358346,5050,5050,1369621024,0,0,0,4,16,3151589,3,24,4358346
202012,12,113,3,5,Santa Rosa County             ,2182,2182,427812974,0,0,0,0,0,0,0,0,0,2182,2182,427812974,0,0,0,0,0,0,0,0,0
202012,12,115,3,5,Sarasota County               ,4153,4153,1281611244,21,42,8894073,21,76,18073544,17,166,27804930,4153,4153,1281611244,21,42,8894073,21,76,18073544,17,166,27804930
202012,12,117,3,5,Seminole County               ,1525,1525,465667983,18,36,6637354,0,0,0,36,969,122673104,1457,1457,451397316,18,36,6637354,0,0,0,16,645,92282287
202012,12,119,3,5,Sumter County                 ,2942,2942,800073751,0,0,0,2,8,1792000,24,748,73779224,2938,2938,799304615,0,0,0,2,8,1792000,24,748,73779224
202012,12,129,3,5,Wakulla County                ,409,409,69319925,0,0,0,0,0,0,0,0,0,409,409,69319925,0,0,0,0,0,0,0,0,0
202012,12,131,3,5,Walton County                 ,1475,1475,658028423,1,2,1800000,4,16,2422213,20,269,46265715,1475,1475,658028423,1,2,1800000,4,16,2422213,20,269,46265715
202012,12,133,3,5,Washington County             ,61,61,10268243,0,0,0,0,0,0,0,0,0,54,54,9234145,0,0,0,0,0,0,0,0,0
202012,13,007,3,5,Baker County                  ,0,0,0,0,0,0,0,0,0,0,0,0,0,0,0,0,0,0,0,0,0,0,0,0
202012,13,013,3,5,Barrow County                 ,824,824,114754611,4,8,840000,5,20,1644864,5,88,7909904,819,819,114179784,4,8,840000,5,20,1644864,5,88,7909904
202012,13,015,3,5,Bartow County                 ,762,762,128897132,1,2,153760,0,0,0,4,100,6235092,743,743,123039716,1,2,153760,0,0,0,4,100,6235092
202012,13,021,3,5,Bibb County                   ,157,157,27542267,0,0,0,0,0,0,0,0,0,0,0,0,0,0,0,0,0,0,0,0,0
202012,13,029,3,5,Bryan County                  ,497,497,147302906,0,0,0,1,4,240000,2,15,1683675,497,497,147302906,0,0,0,1,4,240000,2,15,1683675
202012,13,033,3,5,Burke County                  ,52,52,10858177,0,0,0,0,0,0,0,0,0,45,45,9534600,0,0,0,0,0,0,0,0,0
202012,13,035,3,5,Butts County                  ,170,170,51152500,0,0,0,0,0,0,0,0,0,170,170,51152500,0,0,0,0,0,0,0,0,0
202012,13,045,3,5,Carroll County                ,788,788,189569825,0,0,0,1,4,250000,0,0,0,788,788,189569825,0,0,0,1,4,250000,0,0,0
202012,13,051,3,5,Chatham County                ,943,943,217233212,0,0,0,3,12,1760000,25,679,43154800,565,565,130628057,0,0,0,3,12,1760000,25,679,43154800
202012,13,057,3,5,Cherokee County               ,2385,2385,667583579,0,0,0,1,4,968222,1,5,1212482,2385,2385,667583579,0,0,0,1,4,968222,1,5,1212482
202012,13,059,3,5,Clarke County                 ,294,294,58452776,109,218,30555996,32,123,10488673,0,0,0,294,294,58452776,109,218,30555996,32,123,10488673,0,0,0
202012,13,063,3,5,Clayton County                ,954,954,231126789,0,0,0,0,0,0,0,0,0,954,954,231126789,0,0,0,0,0,0,0,0,0
202012,13,067,3,5,Cobb County                   ,1811,1811,486944220,7,14,2902530,23,79,14257970,49,590,77512241,1804,1804,485414092,7,14,2902530,23,79,14257970,49,590,77512241
202012,13,073,3,5,Columbia County               ,1297,1297,249168208,0,0,0,19,67,5457436,5,38,1996000,326,326,58176279,0,0,0,19,67,5457436,5,38,1996000
202012,13,077,3,5,Coweta County                 ,984,984,361666142,3,6,819950,0,0,0,2,24,2500000,977,977,359663255,3,6,819950,0,0,0,2,24,2500000
202012,13,085,3,5,Dawson County                 ,331,331,83301397,1,2,139322,12,40,3786440,10,57,5979238,331,331,83301397,1,2,139322,12,40,3786440,10,57,5979238
202012,13,095,3,5,Dougherty County              ,17,17,4198468,0,0,0,0,0,0,8,148,20814697,5,5,1737550,0,0,0,0,0,0,2,54,6783342
202012,13,097,3,5,Douglas County                ,507,507,100952426,0,0,0,0,0,0,7,240,38273340,507,507,100952426,0,0,0,0,0,0,7,240,38273340
202012,13,111,3,5,Fannin County                 ,382,382,79791747,0,0,0,0,0,0,0,0,0,382,382,79791747,0,0,0,0,0,0,0,0,0
202012,13,113,3,5,Fayette County                ,547,547,170850912,0,0,0,5,17,4900830,0,0,0,540,540,168162980,0,0,0,5,17,4900830,0,0,0
202012,13,115,3,5,Floyd County                  ,282,282,46375921,0,0,0,0,0,0,0,0,0,282,282,46375921,0,0,0,0,0,0,0,0,0
202012,13,117,3,5,Forsyth County                ,2485,2485,413289187,0,0,0,0,0,0,0,0,0,2485,2485,413289187,0,0,0,0,0,0,0,0,0
202012,13,121,3,5,Fulton County                 ,2833,2833,754338624,5,10,1235080,0,0,0,28,1431,163400991,2689,2689,740086843,5,10,1235080,0,0,0,28,1431,163400991
202012,13,127,3,5,Glynn County                  ,354,354,116694242,18,36,5415000,1,3,201000,3,46,24800000,354,354,116694242,18,36,5415000,1,3,201000,3,46,24800000
202012,13,135,3,5,Gwinnett County               ,4192,4192,999582254,0,0,0,8,28,3308637,13,319,48219715,4133,4133,981996866,0,0,0,8,28,3308637,8,292,40119715
202012,13,143,3,5,Haralson County               ,52,52,11867902,0,0,0,0,0,0,0,0,0,1,1,250000,0,0,0,0,0,0,0,0,0
202012,13,145,3,5,Harris County                 ,237,237,57374255,0,0,0,0,0,0,0,0,0,237,237,57374255,0,0,0,0,0,0,0,0,0
202012,13,149,3,5,Heard County                  ,32,32,7132320,0,0,0,0,0,0,0,0,0,32,32,7132320,0,0,0,0,0,0,0,0,0
202012,13,151,3,5,Henry County                  ,1770,1770,411333888,0,0,0,0,0,0,5,97,40554157,1447,1447,361936580,0,0,0,0,0,0,5,97,40554157
202012,13,159,3,5,Jasper County                 ,107,107,18875579,0,0,0,0,0,0,0,0,0,35,35,9229451,0,0,0,0,0,0,0,0,0
202012,13,171,3,5,Lamar County                  ,127,127,27000409,0,0,0,0,0,0,0,0,0,127,127,27000409,0,0,0,0,0,0,0,0,0
202012,13,177,3,5,Lee County                    ,126,126,12340125,0,0,0,0,0,0,5,46,2053000,126,126,12340125,0,0,0,0,0,0,5,46,2053000
202012,13,179,3,5,Liberty County                ,421,421,84422725,0,0,0,0,0,0,0,0,0,421,421,84422725,0,0,0,0,0,0,0,0,0
202012,13,189,3,5,McDuffie County               ,53,53,11116000,0,0,0,0,0,0,0,0,0,53,53,11116000,0,0,0,0,0,0,0,0,0
202012,13,199,3,5,Meriwether County             ,79,79,14193975,0,0,0,0,0,0,0,0,0,61,61,10863541,0,0,0,0,0,0,0,0,0
202012,13,201,3,5,Miller County                 ,6,6,1578407,0,0,0,0,0,0,0,0,0,6,6,1578407,0,0,0,0,0,0,0,0,0
202012,13,207,3,5,Monroe County                 ,203,203,46062895,0,0,0,0,0,0,0,0,0,135,135,36384175,0,0,0,0,0,0,0,0,0
202012,13,215,3,5,Muscogee County               ,901,901,86784085,1,2,18000,0,0,0,12,439,68254989,901,901,86784085,1,2,18000,0,0,0,12,439,68254989
202012,13,217,3,5,Newton County                 ,840,840,149336312,0,0,0,1,4,440000,2,13,1430000,840,840,149336312,0,0,0,1,4,440000,2,13,1430000
202012,13,227,3,5,Pickens County                ,232,232,64648918,0,0,0,0,0,0,0,0,0,230,230,64174004,0,0,0,0,0,0,0,0,0
202012,13,231,3,5,Pike County                   ,139,139,32517451,0,0,0,0,0,0,0,0,0,139,139,32517451,0,0,0,0,0,0,0,0,0
202012,13,235,3,5,Pulaski County                ,23,23,3159076,0,0,0,0,0,0,0,0,0,23,23,3159076,0,0,0,0,0,0,0,0,0
202012,13,245,3,5,Richmond County               ,644,644,108021612,0,0,0,0,0,0,0,0,0,644,644,108021612,0,0,0,0,0,0,0,0,0
202012,13,247,3,5,Rockdale County               ,269,269,74882102,0,0,0,0,0,0,0,0,0,269,269,74882102,0,0,0,0,0,0,0,0,0
202012,13,255,3,5,Spalding County               ,257,257,44069095,0,0,0,0,0,0,0,0,0,252,252,43676845,0,0,0,0,0,0,0,0,0
202012,13,275,3,5,Thomas County                 ,173,173,32418797,1,2,800000,0,0,0,0,0,0,173,173,32418797,1,2,800000,0,0,0,0,0,0
202012,13,291,3,5,Union County                  ,229,229,65630234,0,0,0,0,0,0,0,0,0,229,229,65630234,0,0,0,0,0,0,0,0,0
202012,15,001,4,9,Hawaii County                 ,866,866,337402077,2,4,433435,0,0,0,0,0,0,866,866,337402077,2,4,433435,0,0,0,0,0,0
202012,15,003,4,9,Honolulu County               ,895,895,357607033,0,0,0,3,10,6496243,27,916,167078826,510,510,202839701,0,0,0,0,0,0,11,356,61181268
202012,15,007,4,9,Kauai County                  ,137,137,137073238,5,10,3452150,0,0,0,0,0,0,137,137,137073238,5,10,3452150,0,0,0,0,0,0
202012,15,009,4,9,Maui County                   ,306,306,135321813,8,16,3191345,8,32,8000000,2,172,58466346,306,306,135321813,8,16,3191345,8,32,8000000,2,172,58466346
202012,16,001,4,8,Ada County                    ,4991,4991,1412293895,36,72,12768479,29,100,20545361,44,859,114562962,4946,4946,1399786825,36,72,12768479,29,100,20545361,44,859,114562962
202012,16,015,4,8,Boise County                  ,119,119,34332427,0,0,0,1,3,200000,0,0,0,119,119,34332427,0,0,0,1,3,200000,0,0,0
202012,16,027,4,8,Canyon County                 ,2827,2827,449457351,35,70,9161698,62,248,29317247,21,250,13747697,2645,2645,408013048,35,70,9161698,62,248,29317247,21,250,13747697
202012,16,045,4,8,Gem County                    ,138,138,23194181,1,2,118640,0,0,0,0,0,0,138,138,23194181,1,2,118640,0,0,0,0,0,0
202012,16,073,4,8,Owyhee County                 ,37,37,8205039,0,0,0,0,0,0,0,0,0,26,26,6152494,0,0,0,0,0,0,0,0,0
202012,17,005,2,3,Bond County                   ,9,9,1457248,0,0,0,0,0,0,0,0,0,3,3,400000,0,0,0,0,0,0,0,0,0
202012,17,013,2,3,Calhoun County                ,6,6,965000,0,0,0,0,0,0,0,0,0,6,6,965000,0,0,0,0,0,0,0,0,0
202012,17,031,2,3,Cook County                   ,951,951,369323842,45,90,17383648,106,338,62938410,155,4230,521537536,811,811,316726163,44,88,16982148,100,320,60492987,153,4198,512377347
202012,17,037,2,3,DeKalb County                 ,81,81,21471708,0,0,0,3,12,2300000,1,59,1875000,79,79,21241708,0,0,0,3,12,2300000,1,59,1875000
202012,17,039,2,3,De Witt County                ,19,19,4594000,0,0,0,0,0,0,0,0,0,19,19,4594000,0,0,0,0,0,0,0,0,0
202012,17,043,2,3,DuPage County                 ,826,826,328961742,2,4,985300,6,21,5408534,19,821,93163391,788,788,304550892,2,4,985300,6,21,5408534,19,821,93163391
202012,17,063,2,3,Grundy County                 ,87,87,21838367,2,4,880000,0,0,0,10,56,2871792,81,81,20740122,2,4,880000,0,0,0,0,0,0
202012,17,083,2,3,Jersey County                 ,63,63,16306367,0,0,0,0,0,0,1,45,9010000,15,15,2435631,0,0,0,0,0,0,1,45,9010000
202012,17,093,2,3,Kendall County                ,519,519,86824935,7,14,1924073,0,0,0,2,26,2052143,418,418,69054421,4,8,1142608,0,0,0,0,0,0
202012,17,097,2,3,Lake County                   ,550,550,188807332,26,52,11054069,10,40,6419800,13,180,40496922,419,419,142826600,26,52,11054069,10,40,6419800,3,129,30000000
202012,17,111,2,3,McHenry County                ,468,468,88342994,0,0,0,0,0,0,1,90,14638554,402,402,78932819,0,0,0,0,0,0,1,90,14638554
202012,17,119,2,3,Madison County                ,420,420,111109929,2,4,588322,0,0,0,1,24,3900000,398,398,106649501,2,4,588322,0,0,0,1,24,3900000
202012,17,133,2,3,Monroe County                 ,110,110,30907061,8,16,2405662,0,0,0,0,0,0,110,110,30907061,8,16,2405662,0,0,0,0,0,0
202012,17,197,2,3,Will County                   ,1372,1372,350374793,26,52,6942959,17,67,9109536,18,286,38130310,1325,1325,340545983,26,52,6942959,17,67,9109536,18,286,38130310
202012,18,003,2,3,Allen County                  ,1428,1428,395476573,70,140,8406932,4,15,1420000,12,111,8246600,1428,1428,395476573,70,140,8406932,4,15,1420000,12,111,8246600
202012,18,011,2,3,Boone County                  ,670,670,250990207,11,22,3900000,0,0,0,0,0,0,661,661,248503985,11,22,3900000,0,0,0,0,0,0
202012,18,013,2,3,Brown County                  ,60,60,16667826,0,0,0,0,0,0,0,0,0,60,60,16667826,0,0,0,0,0,0,0,0,0
202012,18,019,2,3,Clark County                  ,741,741,157944946,8,16,1520000,1,3,461400,24,576,57778113,664,664,140110742,8,16,1520000,1,3,461400,24,576,57778113
202012,18,047,2,3,Franklin County               ,58,58,17614551,0,0,0,0,0,0,0,0,0,58,58,17614551,0,0,0,0,0,0,0,0,0
202012,18,057,2,3,Hamilton County               ,2541,2541,846127223,31,62,10458338,12,46,9665000,52,1122,115937951,2531,2531,843225400,31,62,10458338,12,46,9665000,52,1122,115937951
202012,18,059,2,3,Hancock County                ,743,743,195869276,9,18,2521209,0,0,0,0,0,0,743,743,195869276,9,18,2521209,0,0,0,0,0,0
202012,18,061,2,3,Harrison County               ,83,83,21586395,0,0,0,0,0,0,0,0,0,83,83,21586395,0,0,0,0,0,0,0,0,0
202012,18,063,2,3,Hendricks County              ,1324,1324,356968923,3,6,537273,2,8,1012193,1,8,594150,1211,1211,327608627,2,4,400000,2,8,1012193,1,8,594150
202012,18,069,2,3,Huntington County             ,75,75,19299256,0,0,0,0,0,0,0,0,0,75,75,19299256,0,0,0,0,0,0,0,0,0
202012,18,073,2,3,Jasper County                 ,149,149,39061217,0,0,0,0,0,0,0,0,0,149,149,39061217,0,0,0,0,0,0,0,0,0
202012,18,081,2,3,Johnson County                ,970,970,298843119,22,44,8920200,0,0,0,14,100,6826000,970,970,298843119,22,44,8920200,0,0,0,14,100,6826000
202012,18,087,2,3,Lagrange County               ,124,124,27149474,0,0,0,0,0,0,0,0,0,124,124,27149474,0,0,0,0,0,0,0,0,0
202012,18,089,2,3,Lake County                   ,1406,1406,383097181,30,60,10847147,1,4,450000,2,40,5118298,1394,1394,380701902,30,60,10847147,1,4,450000,2,40,5118298
202012,18,097,2,3,Marion County                 ,1209,1209,331449333,17,34,5934315,25,94,10621090,31,1012,124866885,1209,1209,331449333,17,34,5934315,25,94,10621090,30,1007,124763552
202012,18,105,2,3,Monroe County                 ,252,252,67632971,10,20,2840294,0,0,0,12,347,40745635,81,81,22237596,2,4,601416,0,0,0,4,53,6621778
202012,18,109,2,3,Morgan County                 ,319,319,73336163,5,10,1844900,0,0,0,0,0,0,283,283,65223635,5,10,1844900,0,0,0,0,0,0
202012,18,111,2,3,Newton County                 ,28,28,5710000,0,0,0,0,0,0,0,0,0,28,28,5710000,0,0,0,0,0,0,0,0,0
202012,18,115,2,3,Ohio County                   ,20,20,5400000,0,0,0,0,0,0,0,0,0,20,20,5400000,0,0,0,0,0,0,0,0,0
202012,18,119,2,3,Owen County                   ,31,31,8228305,0,0,0,0,0,0,0,0,0,31,31,8228305,0,0,0,0,0,0,0,0,0
202012,18,127,2,3,Porter County                 ,544,544,157343248,12,24,3290541,0,0,0,1,12,2476849,424,424,139864465,12,24,3290541,0,0,0,1,12,2476849
202012,18,133,2,3,Putnam County                 ,164,164,44098932,0,0,0,0,0,0,0,0,0,155,155,41398719,0,0,0,0,0,0,0,0,0
202012,18,145,2,3,Shelby County                 ,70,70,15723104,0,0,0,0,0,0,0,0,0,40,40,10810178,0,0,0,0,0,0,0,0,0
202012,18,151,2,3,Steuben County                ,161,161,52925355,1,2,295000,0,0,0,0,0,0,161,161,52925355,1,2,295000,0,0,0,0,0,0
202012,18,157,2,3,Tippecanoe County             ,401,401,107797613,0,0,0,0,0,0,32,916,105837292,386,386,105766696,0,0,0,0,0,0,25,827,99529215
202012,18,163,2,3,Vanderburgh County            ,441,441,88293521,22,44,7778598,0,0,0,7,167,12434296,326,326,66281792,15,30,6050956,0,0,0,7,167,12434296
202012,18,167,2,3,Vigo County                   ,26,26,5516713,16,32,3963505,0,0,0,0,0,0,14,14,2855000,9,18,2506630,0,0,0,0,0,0
202012,18,175,2,3,Washington County             ,72,72,11917863,0,0,0,0,0,0,0,0,0,62,62,9330823,0,0,0,0,0,0,0,0,0
202012,18,183,2,3,Whitley County                ,92,92,26822826,0,0,0,0,0,0,0,0,0,92,92,26822826,0,0,0,0,0,0,0,0,0
202012,19,049,2,4,Dallas County                 ,840,840,238829374,1,2,301438,0,0,0,12,313,46212937,824,824,234373139,1,2,301438,0,0,0,5,278,42989255
202012,19,085,2,4,Harrison County               ,31,31,8138146,0,0,0,0,0,0,0,0,0,27,27,7239418,0,0,0,0,0,0,0,0,0
202012,19,129,2,4,Mills County                  ,9,9,2161107,4,8,900000,0,0,0,0,0,0,5,5,1094439,0,0,0,0,0,0,0,0,0
202012,19,153,2,4,Polk County                   ,3221,3221,892282331,14,28,6232278,2,8,1156880,43,1326,149948160,3148,3148,870279923,14,28,6232278,2,8,1156880,36,1238,140805937
202012,19,181,2,4,Warren County                 ,459,459,118606959,6,12,2826886,0,0,0,1,59,7841568,459,459,118606959,6,12,2826886,0,0,0,1,59,7841568
202012,20,061,2,4,Geary County                  ,16,16,4141536,0,0,0,0,0,0,0,0,0,4,4,1020000,0,0,0,0,0,0,0,0,0
202012,20,091,2,4,Johnson County                ,1931,1931,730957862,23,46,14894487,14,56,16250000,39,1050,130500306,1841,1841,677457919,23,46,14894487,14,56,16250000,39,1050,130500306
202012,20,103,2,4,Leavenworth County            ,279,279,59212778,18,36,4759432,0,0,0,6,32,3676830,279,279,59212778,18,36,4759432,0,0,0,6,32,3676830
202012,20,107,2,4,Linn County                   ,65,65,8607928,0,0,0,0,0,0,0,0,0,65,65,8607928,0,0,0,0,0,0,0,0,0
202012,20,121,2,4,Miami County                  ,87,87,28198580,0,0,0,0,0,0,0,0,0,23,23,5409040,0,0,0,0,0,0,0,0,0
202012,20,209,2,4,Wyandotte County              ,195,195,37724215,9,18,1739472,0,0,0,0,0,0,16,16,3527105,0,0,0,0,0,0,0,0,0
202012,21,005,3,6,Anderson County               ,80,80,13854100,6,12,960000,0,0,0,0,0,0,80,80,13854100,6,12,960000,0,0,0,0,0,0
202012,21,015,3,6,Boone County                  ,603,603,110420995,0,0,0,0,0,0,7,214,21625719,603,603,110420995,0,0,0,0,0,0,7,214,21625719
202012,21,017,3,6,Bourbon County                ,53,53,11667608,0,0,0,0,0,0,0,0,0,53,53,11667608,0,0,0,0,0,0,0,0,0
202012,21,021,3,6,Boyle County                  ,26,26,4992095,13,26,2378038,0,0,0,0,0,0,2,2,460000,0,0,0,0,0,0,0,0,0
202012,21,029,3,6,Bullitt County                ,433,433,117656821,4,8,1095000,6,22,2545000,0,0,0,433,433,117656821,4,8,1095000,6,22,2545000,0,0,0
202012,21,035,3,6,Calloway County               ,19,19,3453400,3,6,615000,2,8,309000,2,18,1008000,19,19,3453400,3,6,615000,2,8,309000,2,18,1008000
202012,21,037,3,6,Campbell County               ,227,227,77483451,0,0,0,1,3,719301,1,5,1021944,175,175,61191756,0,0,0,0,0,0,0,0,0
202012,21,045,3,6,Casey County                  ,0,0,0,0,0,0,0,0,0,0,0,0,0,0,0,0,0,0,0,0,0,0,0,0
202012,21,047,3,6,Christian County              ,84,84,8823870,2,4,250000,0,0,0,0,0,0,54,54,6687870,2,4,250000,0,0,0,0,0,0
202012,21,049,3,6,Clark County                  ,68,68,14353151,1,2,400000,1,4,300000,8,46,3277500,28,28,5002500,0,0,0,1,4,300000,2,16,1200000
202012,21,059,3,6,Daviess County                ,302,302,28972344,5,10,1000000,7,26,1692350,0,0,0,302,302,28972344,5,10,1000000,7,26,1692350,0,0,0
202012,21,067,3,6,Fayette County                ,702,702,153537687,2,4,438286,0,0,0,16,731,70476847,0,0,0,0,0,0,0,0,0,0,0,0
202012,21,069,3,6,Fleming County                ,0,0,0,0,0,0,0,0,0,0,0,0,0,0,0,0,0,0,0,0,0,0,0,0
202012,21,077,3,6,Gallatin County               ,54,54,12588966,0,0,0,0,0,0,0,0,0,54,54,12588966,0,0,0,0,0,0,0,0,0
202012,21,081,3,6,Grant County                  ,75,75,16564736,0,0,0,0,0,0,0,0,0,41,41,9962800,0,0,0,0,0,0,0,0,0
202012,21,091,3,6,Hancock County                ,8,8,1608440,1,2,173138,0,0,0,0,0,0,0,0,0,0,0,0,0,0,0,0,0,0
202012,21,099,3,6,Hart County                   ,11,11,960533,0,0,0,0,0,0,7,35,3974166,0,0,0,0,0,0,0,0,0,0,0,0
202012,21,101,3,6,Henderson County              ,41,41,8986304,1,2,75000,3,12,1060000,1,8,800000,41,41,8986304,1,2,75000,3,12,1060000,1,8,800000
202012,21,103,3,6,Henry County                  ,57,57,10625954,0,0,0,1,4,800000,0,0,0,47,47,8535500,0,0,0,1,4,800000,0,0,0
202012,21,111,3,6,Jefferson County              ,1235,1235,254792022,13,26,4228605,1,3,600000,0,0,0,1235,1235,254792022,13,26,4228605,1,3,600000,0,0,0
202012,21,113,3,6,Jessamine County              ,199,199,66588036,0,0,0,11,40,6382000,0,0,0,79,79,48297650,0,0,0,4,16,2821000,0,0,0
202012,21,115,3,6,Johnson County                ,0,0,0,0,0,0,0,0,0,0,0,0,0,0,0,0,0,0,0,0,0,0,0,0
202012,21,117,3,6,Kenton County                 ,311,311,86640901,0,0,0,0,0,0,0,0,0,311,311,86640901,0,0,0,0,0,0,0,0,0
202012,21,121,3,6,Knox County                   ,0,0,0,0,0,0,0,0,0,0,0,0,0,0,0,0,0,0,0,0,0,0,0,0
202012,21,123,3,6,Larue County                  ,37,37,8651738,0,0,0,0,0,0,0,0,0,37,37,8651738,0,0,0,0,0,0,0,0,0
202012,21,137,3,6,Lincoln County                ,55,55,5159200,0,0,0,0,0,0,0,0,0,17,17,1700000,0,0,0,0,0,0,0,0,0
202012,21,145,3,6,McCracken County              ,112,112,26676890,0,0,0,1,4,412000,0,0,0,28,28,7211447,0,0,0,1,4,412000,0,0,0
202012,21,151,3,6,Madison County                ,235,235,23214364,18,36,2060932,0,0,0,12,62,2090292,74,74,9106000,1,2,140000,0,0,0,0,0,0
202012,21,157,3,6,Marshall County               ,85,85,22613624,3,6,950000,0,0,0,0,0,0,85,85,22613624,3,6,950000,0,0,0,0,0,0
202012,21,161,3,6,Mason County                  ,32,32,6777573,0,0,0,0,0,0,0,0,0,32,32,6777573,0,0,0,0,0,0,0,0,0
202012,21,163,3,6,Meade County                  ,113,113,22120143,4,8,720000,3,9,825000,0,0,0,113,113,22120143,4,8,720000,3,9,825000,0,0,0
202012,21,167,3,6,Mercer County                 ,64,64,11107475,3,6,420000,1,4,150000,0,0,0,64,64,11107475,3,6,420000,1,4,150000,0,0,0
202012,21,175,3,6,Morgan County                 ,9,9,675000,0,0,0,0,0,0,0,0,0,0,0,0,0,0,0,0,0,0,0,0,0
202012,21,179,3,6,Nelson County                 ,220,220,38288723,23,46,4915000,5,16,2650000,0,0,0,220,220,38288723,23,46,4915000,5,16,2650000,0,0,0
202012,21,185,3,6,Oldham County                 ,346,346,119140822,0,0,0,0,0,0,4,96,4600000,346,346,119140822,0,0,0,0,0,0,4,96,4600000
202012,21,191,3,6,Pendleton County              ,0,0,0,0,0,0,0,0,0,0,0,0,0,0,0,0,0,0,0,0,0,0,0,0
202012,21,209,3,6,Scott County                  ,329,329,64492267,13,26,2891000,1,3,900000,1,5,547500,329,329,64492267,13,26,2891000,1,3,900000,1,5,547500
202012,21,211,3,6,Shelby County                 ,230,230,67677463,1,2,200000,0,0,0,4,96,7200000,230,230,67677463,1,2,200000,0,0,0,4,96,7200000
202012,21,213,3,6,Simpson County                ,106,106,19538278,10,20,984976,10,40,3982280,0,0,0,106,106,19538278,10,20,984976,10,40,3982280,0,0,0
202012,21,215,3,6,Spencer County                ,161,161,39769826,0,0,0,0,0,0,0,0,0,161,161,39769826,0,0,0,0,0,0,0,0,0
202012,21,221,3,6,Trigg County                  ,11,11,2274764,0,0,0,0,0,0,1,70,5984160,11,11,2274764,0,0,0,0,0,0,1,70,5984160
202012,21,239,3,6,Woodford County               ,99,99,23990661,0,0,0,0,0,0,0,0,0,99,99,23990661,0,0,0,0,0,0,0,0,0
202012,22,005,3,7,Ascension Parish              ,902,902,152909792,0,0,0,0,0,0,0,0,0,321,321,65872292,0,0,0,0,0,0,0,0,0
202012,22,015,3,7,Bossier Parish                ,656,656,118485861,0,0,0,0,0,0,0,0,0,410,410,77832878,0,0,0,0,0,0,0,0,0
202012,22,017,3,7,Caddo Parish                  ,255,255,62661855,0,0,0,0,0,0,0,0,0,255,255,62661855,0,0,0,0,0,0,0,0,0
202012,22,031,3,7,De Soto Parish                ,118,118,29674658,0,0,0,0,0,0,0,0,0,91,91,21775038,0,0,0,0,0,0,0,0,0
202012,22,033,3,7,East Baton Rouge Parish       ,1359,1359,338782935,2,4,17841000,0,0,0,0,0,0,1352,1352,337728147,2,4,17841000,0,0,0,0,0,0
202012,22,037,3,7,East Feliciana Parish         ,54,54,11248312,0,0,0,0,0,0,0,0,0,54,54,11248312,0,0,0,0,0,0,0,0,0
202012,22,047,3,7,Iberville Parish              ,111,111,27087760,0,0,0,0,0,0,0,0,0,5,5,1191000,0,0,0,0,0,0,0,0,0
202012,22,051,3,7,Jefferson Parish              ,588,588,126830598,2,4,1109611,0,0,0,0,0,0,585,585,126326409,2,4,1109611,0,0,0,0,0,0
202012,22,055,3,7,Lafayette Parish              ,2082,2082,382377182,0,0,0,0,0,0,2,13,1375000,2062,2062,378867455,0,0,0,0,0,0,2,13,1375000
202012,22,063,3,7,Livingston Parish             ,1015,1015,210981339,2,4,442600,0,0,0,0,0,0,898,898,187319178,2,4,442600,0,0,0,0,0,0
202012,22,071,3,7,Orleans Parish                ,621,621,141597880,122,244,27946400,4,15,2947796,11,480,85740015,299,299,70126608,63,126,15457793,1,4,300550,5,247,39660252
202012,22,075,3,7,Plaquemines Parish            ,104,104,34587016,1,2,282500,1,3,373351,0,0,0,87,87,29708516,0,0,0,0,0,0,0,0,0
202012,22,077,3,7,Pointe Coupee Parish          ,68,68,20739164,0,0,0,0,0,0,0,0,0,68,68,20739164,0,0,0,0,0,0,0,0,0
202012,22,087,3,7,St. Bernard Parish            ,302,302,56915417,19,38,2986018,0,0,0,0,0,0,302,302,56915417,19,38,2986018,0,0,0,0,0,0
202012,22,089,3,7,St. Charles Parish            ,138,138,36650957,0,0,0,0,0,0,0,0,0,138,138,36650957,0,0,0,0,0,0,0,0,0
202012,22,091,3,7,St. Helena Parish             ,38,38,6781110,0,0,0,0,0,0,0,0,0,0,0,0,0,0,0,0,0,0,0,0,0
202012,22,095,3,7,St. John the Baptist Parish   ,86,86,18347738,0,0,0,0,0,0,0,0,0,78,78,16915198,0,0,0,0,0,0,0,0,0
202012,22,099,3,7,St. Martin Parish             ,209,209,39416122,0,0,0,0,0,0,0,0,0,24,24,5550638,0,0,0,0,0,0,0,0,0
202012,22,103,3,7,St. Tammany Parish            ,1665,1665,380207296,0,0,0,0,0,0,0,0,0,1623,1623,363727091,0,0,0,0,0,0,0,0,0
202012,22,109,3,7,Terrebonne Parish             ,154,154,41444051,9,18,1400003,2,6,523500,0,0,0,0,0,0,0,0,0,0,0,0,0,0,0
202012,22,121,3,7,West Baton Rouge Parish       ,223,223,39152092,3,6,730543,0,0,0,0,0,0,205,205,37512976,3,6,730543,0,0,0,0,0,0
202012,22,125,3,7,West Feliciana Parish         ,53,53,14458703,0,0,0,0,0,0,0,0,0,53,53,14458703,0,0,0,0,0,0,0,0,0
202012,23,000,1,1,Maine Unorganized Territory   ,102,102,13545625,0,0,0,0,0,0,0,0,0,0,0,0,0,0,0,0,0,0,0,0,0
202012,24,003,3,5,Anne Arundel County           ,1945,1945,350536941,0,0,0,0,0,0,3,37,9319646,1941,1941,349612848,0,0,0,0,0,0,2,24,6040159
202012,24,005,3,5,Baltimore County              ,746,746,182563892,0,0,0,1,4,761682,15,694,142046730,746,746,182563892,0,0,0,1,4,761682,15,694,142046730
202012,24,009,3,5,Calvert County                ,243,243,56931648,0,0,0,0,0,0,4,96,11000000,243,243,56931648,0,0,0,0,0,0,4,96,11000000
202012,24,013,3,5,Carroll County                ,436,436,94913439,0,0,0,0,0,0,2,45,2801600,436,436,94913439,0,0,0,0,0,0,2,45,2801600
202012,24,015,3,5,Cecil County                  ,234,234,51605614,0,0,0,0,0,0,0,0,0,234,234,51605614,0,0,0,0,0,0,0,0,0
202012,24,017,3,5,Charles County                ,735,735,223326871,0,0,0,0,0,0,0,0,0,735,735,223326871,0,0,0,0,0,0,0,0,0
202012,24,021,3,5,Frederick County              ,2217,2217,557990388,1,2,110000,0,0,0,13,358,50110666,2217,2217,557990388,1,2,110000,0,0,0,13,358,50110666
202012,24,023,3,5,Garrett County                ,118,118,48379890,0,0,0,0,0,0,0,0,0,118,118,48379890,0,0,0,0,0,0,0,0,0
202012,24,025,3,5,Harford County                ,825,825,233032459,0,0,0,0,0,0,10,365,53908934,825,825,233032459,0,0,0,0,0,0,10,365,53908934
202012,24,027,3,5,Howard County                 ,651,651,141828805,1,2,700000,0,0,0,8,409,25958654,651,651,141828805,1,2,700000,0,0,0,8,409,25958654
202012,24,031,3,5,Montgomery County             ,932,932,198954945,4,8,680000,0,0,0,12,546,126892102,844,844,178343622,4,8,680000,0,0,0,4,432,111354066
202012,24,033,3,5,Prince George County          ,2066,2066,484753055,1,2,243837,1,3,859014,3,650,100500000,2049,2049,479829687,0,0,0,0,0,0,3,650,100500000
202012,24,035,3,5,Queen Anne County             ,280,280,58534558,0,0,0,0,0,0,1,21,2400000,280,280,58534558,0,0,0,0,0,0,1,21,2400000
202012,24,037,3,5,St. Marys County              ,833,833,172457315,3,6,975000,0,0,0,20,111,18234158,323,323,67858000,0,0,0,0,0,0,12,68,12284000
202012,24,039,3,5,Somerset County               ,20,20,3739954,0,0,0,0,0,0,0,0,0,4,4,832134,0,0,0,0,0,0,0,0,0
202012,24,045,3,5,Wicomico County               ,242,242,43387184,0,0,0,3,10,879730,7,48,4524865,232,232,41802977,0,0,0,3,10,879730,7,48,4524865
202012,24,510,3,5,Baltimore (Independent City)  ,115,115,14316925,0,0,0,0,0,0,18,1505,273110010,101,101,11973110,0,0,0,0,0,0,17,1480,269471377
202012,25,005,1,1,Bristol County                ,647,647,135639621,12,24,2553000,1,3,240000,3,22,2500000,456,456,102100875,12,24,2553000,1,3,240000,3,22,2500000
202012,25,009,1,1,Essex County                  ,474,474,172436613,45,90,18623724,8,27,3892000,34,624,87469522,362,362,130507624,27,54,10799230,8,27,3892000,15,522,70546906
202012,25,017,1,1,Middlesex County              ,1313,1313,425843680,79,158,28005559,17,60,12394455,275,2968,363633866,948,948,310108173,62,124,18194334,12,45,9347350,22,1021,180177444
202012,25,021,1,1,Norfolk County                ,639,639,254203031,44,88,18016233,9,29,3747481,52,1163,158274007,402,402,182500963,38,76,15820004,2,7,698546,10,733,117937587
202012,25,023,1,1,Plymouth County               ,1126,1126,288228699,11,22,2600000,10,39,4432214,15,140,21659895,506,506,146888224,11,22,2600000,9,36,3956500,6,94,15745614
202012,25,025,1,1,Suffolk County                ,33,33,10715789,40,80,17309377,39,126,28213085,105,3457,1582677738,24,24,9133119,37,74,16648586,39,126,28213085,80,3317,1554793267
202012,26,000,2,3,Michigan Balance of State     ,67,67,12579413,0,0,0,0,0,0,0,0,0,0,0,0,0,0,0,0,0,0,0,0,0
202012,26,019,2,3,Benzie County                 ,64,64,14512637,0,0,0,0,0,0,0,0,0,21,21,3937088,0,0,0,0,0,0,0,0,0
202012,26,029,2,3,Charlevoix County             ,95,95,21029387,1,2,97321,0,0,0,0,0,0,67,67,14278896,1,2,97321,0,0,0,0,0,0
202012,26,089,2,3,Leelanau County               ,119,119,29798915,0,0,0,0,0,0,0,0,0,119,119,29798915,0,0,0,0,0,0,0,0,0
202012,26,093,2,3,Livingston County             ,666,666,169603271,4,8,1120000,1,3,389506,0,0,0,651,651,167185695,4,8,1120000,1,3,389506,0,0,0
202012,26,095,2,3,Luce County                   ,9,9,2145600,0,0,0,0,0,0,0,0,0,5,5,1192000,0,0,0,0,0,0,0,0,0
202012,26,099,2,3,Macomb County                 ,1259,1259,415376494,28,56,10089239,3,12,1380452,8,272,31015117,1251,1251,413570244,28,56,10089239,3,12,1380452,8,272,31015117
202012,26,103,2,3,Marquette County              ,75,75,22028344,5,10,1250000,0,0,0,0,0,0,75,75,22028344,5,10,1250000,0,0,0,0,0,0
202012,26,137,2,3,Otsego County                 ,21,21,1701000,0,0,0,0,0,0,0,0,0,0,0,0,0,0,0,0,0,0,0,0,0
202012,26,147,2,3,St. Clair County              ,208,208,46331243,0,0,0,0,0,0,0,0,0,185,185,42348001,0,0,0,0,0,0,0,0,0
202012,26,163,2,3,Wayne County                  ,914,914,234956164,10,20,1995224,4,16,2722758,47,1045,196614272,813,813,219180459,10,20,1995224,4,16,2722758,30,953,175705181
202012,27,003,2,4,Anoka County                  ,1081,1081,310009904,1,2,741863,6,24,4867525,9,557,69102920,1032,1032,295568412,1,2,741863,6,24,4867525,9,557,69102920
202012,27,019,2,4,Carver County                 ,658,658,201285146,10,20,4184280,1,4,1009326,0,0,0,649,649,198671759,8,16,3197430,1,4,1009326,0,0,0
202012,27,025,2,4,Chisago County                ,273,273,50288239,1,2,357000,0,0,0,0,0,0,271,271,49869573,0,0,0,0,0,0,0,0,0
202012,27,027,2,4,Clay County                   ,208,208,51650271,0,0,0,2,8,1472000,3,94,11350000,208,208,51650271,0,0,0,2,8,1472000,3,94,11350000
202012,27,037,2,4,Dakota County                 ,1213,1213,340503735,2,4,860000,6,23,4470106,16,731,99571527,1202,1202,336828721,2,4,860000,6,23,4470106,13,698,94888561
202012,27,053,2,4,Hennepin County               ,1884,1884,761136004,18,36,6722838,13,46,12218595,66,5673,957979196,1577,1577,653830569,18,36,6722838,12,43,11610885,66,5673,957979196
202012,27,059,2,4,Isanti County                 ,286,286,58137299,0,0,0,0,0,0,1,36,4700000,286,286,58137299,0,0,0,0,0,0,1,36,4700000
202012,27,123,2,4,Ramsey County                 ,178,178,56662502,1,2,375000,2,8,1561092,29,2778,332534012,174,174,55807183,1,2,375000,2,8,1561092,24,2745,329033757
202012,27,139,2,4,Scott County                  ,585,585,208945220,2,4,1304000,2,7,1243468,1,16,2000000,585,585,208945220,2,4,1304000,2,7,1243468,1,16,2000000
202012,27,141,2,4,Sherburne County              ,447,447,103068170,8,16,3040816,1,4,666556,3,106,9300000,444,444,102642335,8,16,3040816,1,4,666556,3,106,9300000
202012,27,163,2,4,Washington County             ,1330,1330,419695555,3,6,1328000,2,7,1270000,19,840,117528718,1256,1256,394578176,3,6,1328000,2,7,1270000,10,709,106714232
202012,27,171,2,4,Wright County                 ,1185,1185,346611817,1,2,430000,1,4,738960,6,142,31292438,1166,1166,342207545,1,2,430000,1,4,738960,3,127,29423609
202012,28,033,3,6,DeSoto County                 ,1676,1676,303985183,0,0,0,0,0,0,0,0,0,1529,1529,283962369,0,0,0,0,0,0,0,0,0
202012,28,041,3,6,Greene County                 ,4,4,836304,0,0,0,0,0,0,0,0,0,4,4,836304,0,0,0,0,0,0,0,0,0
202012,28,045,3,6,Hancock County                ,584,584,101348019,3,6,555537,12,40,4014452,12,87,7365655,201,201,43226551,0,0,0,0,0,0,0,0,0
202012,28,047,3,6,Harrison County               ,1419,1419,283919525,8,16,1350000,1,4,400000,11,264,21648000,1337,1337,274604243,8,16,1350000,1,4,400000,11,264,21648000
202012,28,067,3,6,Jones County                  ,93,93,12079000,0,0,0,0,0,0,0,0,0,93,93,12079000,0,0,0,0,0,0,0,0,0
202012,28,129,3,6,Smith County                  ,0,0,0,0,0,0,0,0,0,0,0,0,0,0,0,0,0,0,0,0,0,0,0,0
202012,28,137,3,6,Tate County                   ,144,144,30468956,0,0,0,0,0,0,0,0,0,126,126,26954242,0,0,0,0,0,0,0,0,0
202012,28,143,3,6,Tunica County                 ,94,94,21179009,0,0,0,0,0,0,0,0,0,0,0,0,0,0,0,0,0,0,0,0,0
202012,28,145,3,6,Union County                  ,11,11,1619000,0,0,0,0,0,0,0,0,0,11,11,1619000,0,0,0,0,0,0,0,0,0
202012,28,149,3,6,Warren County                 ,25,25,5349186,0,0,0,1,3,333667,0,0,0,5,5,740000,0,0,0,0,0,0,0,0,0
202012,29,013,2,4,Bates County                  ,2,2,500000,0,0,0,0,0,0,0,0,0,2,2,500000,0,0,0,0,0,0,0,0,0
202012,29,017,2,4,Bollinger County              ,0,0,0,0,0,0,0,0,0,0,0,0,0,0,0,0,0,0,0,0,0,0,0,0
202012,29,019,2,4,Boone County                  ,793,793,213600196,3,6,525000,0,0,0,5,122,20701130,793,793,213600196,3,6,525000,0,0,0,5,122,20701130
202012,29,049,2,4,Clinton County                ,79,79,20744245,0,0,0,0,0,0,0,0,0,70,70,18907805,0,0,0,0,0,0,0,0,0
202012,29,065,2,4,Dent County                   ,0,0,0,0,0,0,0,0,0,0,0,0,0,0,0,0,0,0,0,0,0,0,0,0
202012,29,071,2,4,Franklin County               ,323,323,81184205,7,14,2379212,0,0,0,7,100,10591825,318,318,80114832,7,14,2379212,0,0,0,7,100,10591825
202012,29,095,2,4,Jackson County                ,2135,2135,489579884,86,172,16255009,34,134,14091660,68,2343,231908477,2057,2057,468966860,86,172,16255009,32,128,13168860,63,2318,229004677
202012,29,099,2,4,Jefferson County              ,828,828,204633907,5,10,1440708,0,0,0,0,0,0,789,789,198537772,5,10,1440708,0,0,0,0,0,0
202012,29,105,2,4,Laclede County                ,41,41,6649970,1,2,199050,0,0,0,0,0,0,41,41,6649970,1,2,199050,0,0,0,0,0,0
202012,29,107,2,4,Lafayette County              ,84,84,19379026,0,0,0,0,0,0,0,0,0,80,80,18667000,0,0,0,0,0,0,0,0,0
202012,29,113,2,4,Lincoln County                ,220,220,31255785,2,4,320000,0,0,0,0,0,0,220,220,31255785,2,4,320000,0,0,0,0,0,0
202012,29,165,2,4,Platte County                 ,362,362,92944133,3,6,1445000,5,20,1900000,2,48,3600000,355,355,90557511,3,6,1445000,5,20,1900000,2,48,3600000
202012,29,185,2,4,St. Clair County              ,2,2,275000,0,0,0,0,0,0,0,0,0,2,2,275000,0,0,0,0,0,0,0,0,0
202012,29,189,2,4,St. Louis County              ,926,926,406448927,0,0,0,5,20,4520835,9,281,19584474,902,902,391009452,0,0,0,5,20,4520835,2,238,15451157
202012,29,219,2,4,Warren County                 ,334,334,82309981,0,0,0,2,8,1020365,4,36,3227377,334,334,82309981,0,0,0,2,8,1020365,4,36,3227377
202012,29,221,2,4,Washington County             ,0,0,0,0,0,0,0,0,0,0,0,0,0,0,0,0,0,0,0,0,0,0,0,0
202012,29,510,2,4,St. Louis (Independent City)  ,124,124,26406803,3,6,1470000,3,9,1974999,12,283,50791780,50,50,11852400,3,6,1470000,0,0,0,6,134,39959555
202012,30,013,4,8,Cascade County                ,135,135,35090640,2,4,920693,0,0,0,1,12,925000,135,135,35090640,2,4,920693,0,0,0,1,12,925000
202012,30,033,4,8,Garfield County               ,0,0,0,0,0,0,0,0,0,0,0,0,0,0,0,0,0,0,0,0,0,0,0,0
202012,30,063,4,8,Missoula County               ,420,420,94774414,7,14,1407123,1,3,175000,14,351,18170991,420,420,94774414,7,14,1407123,1,3,175000,14,351,18170991
202012,30,093,4,8,Silver Bow County             ,79,79,7809449,31,62,5429420,0,0,0,0,0,0,79,79,7809449,31,62,5429420,0,0,0,0,0,0
202012,31,001,2,4,Adams County                  ,59,59,14286705,0,0,0,0,0,0,0,0,0,58,58,14008491,0,0,0,0,0,0,0,0,0
202012,31,025,2,4,Cass County                   ,129,129,26156336,3,6,516438,0,0,0,0,0,0,68,68,14973938,2,4,298853,0,0,0,0,0,0
202012,31,033,2,4,Cheyenne County               ,0,0,0,0,0,0,0,0,0,0,0,0,0,0,0,0,0,0,0,0,0,0,0,0
202012,31,055,2,4,Douglas County                ,1813,1813,295077123,3,6,1094204,0,0,0,44,1421,110368890,1813,1813,295077123,3,6,1094204,0,0,0,44,1421,110368890
202012,31,105,2,4,Kimball County                ,1,1,237744,0,0,0,0,0,0,0,0,0,1,1,237744,0,0,0,0,0,0,0,0,0
202012,31,153,2,4,Sarpy County                  ,1220,1220,338159627,3,6,1383065,3,11,1981000,25,509,49583196,980,980,274945097,3,6,1383065,3,11,1981000,23,499,48475156
202012,31,165,2,4,Sioux County                  ,0,0,0,0,0,0,0,0,0,0,0,0,0,0,0,0,0,0,0,0,0,0,0,0
202012,31,177,2,4,Washington County             ,71,71,21055081,0,0,0,0,0,0,0,0,0,71,71,21055081,0,0,0,0,0,0,0,0,0
202012,32,001,4,8,Churchill County              ,99,99,20776728,0,0,0,0,0,0,0,0,0,99,99,20776728,0,0,0,0,0,0,0,0,0
202012,32,003,4,8,Clark County                  ,10038,10038,2474442701,269,538,29898283,177,584,67290480,168,2940,252595845,10038,10038,2474442701,269,538,29898283,177,584,67290480,168,2940,252595845
202012,32,005,4,8,Douglas County                ,200,200,91111223,0,0,0,0,0,0,0,0,0,200,200,91111223,0,0,0,0,0,0,0,0,0
202012,32,007,4,8,Elko County                   ,180,180,28472878,0,0,0,0,0,0,0,0,0,177,177,28272877,0,0,0,0,0,0,0,0,0
202012,32,013,4,8,Humboldt County               ,15,15,2312674,0,0,0,0,0,0,0,0,0,15,15,2312674,0,0,0,0,0,0,0,0,0
202012,32,015,4,8,Lander County                 ,6,6,719353,0,0,0,0,0,0,0,0,0,6,6,719353,0,0,0,0,0,0,0,0,0
202012,32,017,4,8,Lincoln County                ,12,12,2081834,0,0,0,0,0,0,0,0,0,12,12,2081834,0,0,0,0,0,0,0,0,0
202012,32,019,4,8,Lyon County                   ,323,323,82487500,0,0,0,0,0,0,0,0,0,312,312,79523258,0,0,0,0,0,0,0,0,0
202012,32,021,4,8,Mineral County                ,0,0,0,0,0,0,0,0,0,0,0,0,0,0,0,0,0,0,0,0,0,0,0,0
202012,32,027,4,8,Pershing County               ,0,0,0,0,0,0,0,0,0,0,0,0,0,0,0,0,0,0,0,0,0,0,0,0
202012,32,029,4,8,Storey County                 ,11,11,1107344,0,0,0,1,4,300000,0,0,0,11,11,1107344,0,0,0,1,4,300000,0,0,0
202012,32,031,4,8,Washoe County                 ,2618,2618,711925053,24,48,5037084,13,44,5773422,97,1779,224467607,656,656,157633994,0,0,0,0,0,0,0,0,0
202012,32,033,4,8,White Pine County             ,8,8,1491674,0,0,0,0,0,0,0,0,0,8,8,1491674,0,0,0,0,0,0,0,0,0
202012,32,510,4,8,Carson City (Independent City),190,190,50052999,0,0,0,3,9,1145553,9,64,6390053,56,56,14630916,0,0,0,0,0,0,0,0,0
202012,33,015,1,1,Rockingham County             ,686,686,197874614,35,70,12254515,6,23,1593337,25,393,63558588,525,525,151974864,27,54,8692239,5,20,1181091,10,316,56943864
202012,33,017,1,1,Strafford County              ,275,275,60576175,3,6,868608,1,3,425000,4,43,5726000,270,270,59655008,3,6,868608,1,3,425000,4,43,5726000
202012,34,001,1,2,Atlantic County               ,500,500,136287528,3,6,961420,0,0,0,15,162,18406077,482,482,128146200,3,6,961420,0,0,0,3,15,2226
202012,34,003,1,2,Bergen County                 ,1148,1148,238521259,119,238,31468954,12,37,3476859,144,2310,312379299,870,870,161087688,103,206,25447379,9,28,2507604,48,1589,230214788
202012,34,005,1,2,Burlington County             ,775,775,113197946,3,6,154200,4,14,1557481,78,706,46586702,543,543,80777202,3,6,154200,3,11,1353955,46,392,27263093
202012,34,007,1,2,Camden County                 ,350,350,38042258,1,2,300,3,10,1113144,53,571,39313039,323,323,35121510,1,2,300,2,6,744001,33,386,26324810
202012,34,009,1,2,Cape May County               ,474,474,200911878,86,172,38443410,5,19,2478900,3,15,684596,458,458,196562179,86,172,38443410,5,19,2478900,2,10,636200
202012,34,011,1,2,Cumberland County             ,140,140,32063882,0,0,0,0,0,0,0,0,0,133,133,31389721,0,0,0,0,0,0,0,0,0
202012,34,013,1,2,Essex County                  ,422,422,86862830,141,282,23226629,37,121,9319047,53,1519,180557352,333,333,71052930,139,278,23205254,34,112,7076646,26,1228,155401937
202012,34,015,1,2,Gloucester County             ,645,645,82854503,1,2,6000,1,3,128055,21,130,11217588,528,528,67627526,0,0,0,0,0,0,1,6,828400
202012,34,017,1,2,Hudson County                 ,237,237,53328141,67,134,17602158,43,142,21999099,150,6467,866379342,227,227,50879703,59,118,15787501,37,124,20389437,138,6137,781834430
202012,34,019,1,2,Hunterdon County              ,132,132,25909534,6,12,1546901,0,0,0,19,177,12339061,109,109,21779361,3,6,847301,0,0,0,4,90,6860595
202012,34,021,1,2,Mercer County                 ,218,218,64598202,0,0,0,7,25,2114500,32,587,48530424,197,197,59690020,0,0,0,6,22,2098000,19,518,44181035
202012,34,023,1,2,Middlesex County              ,800,800,116952494,9,18,1414571,20,72,3349126,59,1878,197404901,727,727,106234706,4,8,617600,18,66,2695926,41,1642,158119194
202012,34,025,1,2,Monmouth County               ,1276,1276,309197357,2,4,300850,4,14,1728933,50,655,70180783,1123,1123,253546248,1,2,144000,3,11,1720933,45,607,66405968
202012,34,027,1,2,Morris County                 ,981,981,160260889,4,8,500661,12,39,1066825,31,615,32607996,804,804,114595205,1,2,190000,11,36,945000,14,529,24662964
202012,34,029,1,2,Ocean County                  ,3082,3082,466416991,25,50,4809508,9,32,1311552,73,436,14448362,2995,2995,450105088,25,50,4809508,9,32,1311552,70,421,13086062
202012,34,031,1,2,Passaic County                ,112,112,25183285,12,24,1792216,2,6,111109,76,1295,87510226,66,66,17831842,5,10,795200,1,3,17800,47,972,70029936
202012,34,033,1,2,Salem County                  ,35,35,6885646,0,0,0,0,0,0,0,0,0,30,30,6056761,0,0,0,0,0,0,0,0,0
202012,34,035,1,2,Somerset County               ,359,359,59513177,2,4,470108,16,53,7474653,60,1017,76993660,288,288,47845421,1,2,303608,15,49,6663201,37,781,56606971
202012,34,037,1,2,Sussex County                 ,211,211,35984080,1,2,643000,3,12,1455300,0,0,0,193,193,29969185,0,0,0,3,12,1455300,0,0,0
202012,34,039,1,2,Union County                  ,243,243,55802251,112,224,18644290,7,21,894411,77,2176,130058860,153,153,36034168,111,222,18366090,5,15,447988,32,1513,93166002
202012,34,041,1,2,Warren County                 ,151,151,20038348,5,10,1678500,0,0,0,27,143,11555012,85,85,9288785,2,4,75300,0,0,0,24,128,10105292
202012,35,000,4,8,New Mexico Balance of State   ,396,396,107347394,0,0,0,0,0,0,0,0,0,0,0,0,0,0,0,0,0,0,0,0,0
202012,35,001,4,8,Bernalillo County             ,1084,1084,302969139,0,0,0,0,0,0,0,0,0,1084,1084,302969139,0,0,0,0,0,0,0,0,0
202012,35,005,4,8,Chaves County                 ,69,69,14870885,0,0,0,0,0,0,0,0,0,40,40,9941328,0,0,0,0,0,0,0,0,0
202012,35,009,4,8,Curry County                  ,56,56,14126734,0,0,0,0,0,0,11,55,5070318,0,0,0,0,0,0,0,0,0,0,0,0
202012,35,013,4,8,Dona Ana County               ,1033,1033,264364648,2,4,788911,2,8,632000,7,64,4500000,960,960,248080071,2,4,788911,2,8,632000,7,64,4500000
202012,35,015,4,8,Eddy County                   ,188,188,46303116,4,8,700000,0,0,0,29,252,28920000,188,188,46303116,4,8,700000,0,0,0,29,252,28920000
202012,35,017,4,8,Grant County                  ,10,10,1620802,0,0,0,0,0,0,0,0,0,0,0,0,0,0,0,0,0,0,0,0,0
202012,35,025,4,8,Lea County                    ,147,147,38495873,0,0,0,0,0,0,0,0,0,112,112,30826124,0,0,0,0,0,0,0,0,0
202012,35,027,4,8,Lincoln County                ,63,63,22908886,0,0,0,0,0,0,0,0,0,63,63,22908886,0,0,0,0,0,0,0,0,0
202012,35,028,4,8,Los Alamos County             ,24,24,6320104,0,0,0,0,0,0,0,0,0,24,24,6320104,0,0,0,0,0,0,0,0,0
202012,35,029,4,8,Luna County                   ,7,7,1524435,0,0,0,0,0,0,0,0,0,5,5,1166835,0,0,0,0,0,0,0,0,0
202012,35,031,4,8,McKinley County               ,4,4,1191000,0,0,0,0,0,0,1,9,750000,4,4,1191000,0,0,0,0,0,0,1,9,750000
202012,35,035,4,8,Otero County                  ,0,0,0,0,0,0,0,0,0,0,0,0,0,0,0,0,0,0,0,0,0,0,0,0
202012,35,041,4,8,Roosevelt County              ,21,21,3213139,0,0,0,0,0,0,0,0,0,0,0,0,0,0,0,0,0,0,0,0,0
202012,35,043,4,8,Sandoval County               ,745,745,165421876,0,0,0,7,21,2292674,12,68,2833330,10,10,3841121,0,0,0,0,0,0,0,0,0
202012,35,045,4,8,San Juan County               ,90,90,22644340,0,0,0,0,0,0,1,8,500000,90,90,22644340,0,0,0,0,0,0,1,8,500000
202012,35,047,4,8,San Miguel County             ,3,3,663668,0,0,0,0,0,0,0,0,0,3,3,663668,0,0,0,0,0,0,0,0,0
202012,35,049,4,8,Santa Fe County               ,288,288,78553639,0,0,0,0,0,0,23,317,44356560,251,251,70090447,0,0,0,0,0,0,22,288,40801200
202012,35,055,4,8,Taos County                   ,83,83,19228583,0,0,0,0,0,0,0,0,0,83,83,19228583,0,0,0,0,0,0,0,0,0
202012,35,061,4,8,Valencia County               ,96,96,21516091,0,0,0,0,0,0,0,0,0,96,96,21516091,0,0,0,0,0,0,0,0,0
202012,36,001,1,2,Albany County                 ,386,386,91501136,10,20,3360338,15,60,9580000,16,182,13018240,375,375,89492537,10,20,3360338,15,60,9580000,16,182,13018240
202012,36,005,1,2,Bronx County                  ,5,5,1314961,11,22,3327882,11,35,4649271,94,4570,527626000,5,5,1314961,11,22,3327882,11,35,4649271,94,4570,527626000
202012,36,029,1,2,Erie County                   ,782,782,264921826,15,30,5132960,8,31,7186760,36,430,64297536,716,716,252632963,15,30,5132960,8,31,7186760,21,210,16245650
202012,36,047,1,2,Kings County                  ,44,44,11628283,38,76,11483706,28,90,11908548,184,6592,718509685,42,42,11099957,36,72,10885618,25,80,10615852,171,6070,711754051
202012,36,051,1,2,Livingston County             ,49,49,11841770,1,2,400000,0,0,0,2,10,500000,37,37,9417000,1,2,400000,0,0,0,0,0,0
202012,36,055,1,2,Monroe County                 ,594,594,150370378,10,20,2532500,16,58,7149000,28,645,84513328,521,521,137851279,9,18,2230000,13,49,6429000,23,542,71555696
202012,36,059,1,2,Nassau County                 ,627,627,270813839,6,12,2358333,1,3,399144,29,704,144405032,269,269,185891922,1,2,500000,1,3,399144,10,373,93800000
202012,36,061,1,2,New York County               ,0,0,0,1,2,300657,1,4,530546,36,1890,223947652,0,0,0,1,2,300657,1,4,530546,36,1890,223947652
202012,36,063,1,2,Niagara County                ,148,148,40865013,1,2,650000,0,0,0,1,39,681080,130,130,34932181,1,2,650000,0,0,0,1,39,681080
202012,36,069,1,2,Ontario County                ,270,270,69056275,11,22,3229480,5,16,1856000,1,12,1510000,260,260,67376275,11,22,3229480,5,16,1856000,1,12,1510000
202012,36,073,1,2,Orleans County                ,32,32,5914127,0,0,0,0,0,0,0,0,0,32,32,5914127,0,0,0,0,0,0,0,0,0
202012,36,079,1,2,Putnam County                 ,32,32,9362950,0,0,0,0,0,0,1,6,731700,30,30,9197950,0,0,0,0,0,0,1,6,731700
202012,36,081,1,2,Queens County                 ,62,62,16415249,108,216,32704061,20,62,8232100,90,5500,658527741,62,62,16415249,108,216,32704061,20,62,8232100,90,5500,658527741
202012,36,083,1,2,Rensselaer County             ,124,124,30140105,3,6,1386766,0,0,0,4,34,1900000,74,74,16880693,3,6,1386766,0,0,0,2,24,1000000
202012,36,085,1,2,Richmond County               ,106,106,28080879,106,212,32129299,0,0,0,10,90,10153548,106,106,28080879,106,212,32129299,0,0,0,10,90,10153548
202012,36,087,1,2,Rockland County               ,87,87,27954864,27,54,7865086,20,65,8129093,25,254,33208939,43,43,16178146,0,0,0,0,0,0,8,155,19624815
202012,36,091,1,2,Saratoga County               ,679,679,201183063,9,18,2967500,6,20,3707909,31,293,33102242,581,581,168926623,7,14,2407500,5,17,3107909,22,242,31089582
202012,36,093,1,2,Schenectady County            ,74,74,17488778,0,0,0,0,0,0,2,55,7328415,60,60,14887714,0,0,0,0,0,0,2,55,7328415
202012,36,095,1,2,Schoharie County              ,37,37,8042738,0,0,0,0,0,0,0,0,0,27,27,6145886,0,0,0,0,0,0,0,0,0
202012,36,099,1,2,Seneca County                 ,56,56,9143147,0,0,0,0,0,0,0,0,0,56,56,9143147,0,0,0,0,0,0,0,0,0
202012,36,103,1,2,Suffolk County                ,589,589,502588267,0,0,0,1,3,560670,0,0,0,530,530,455903476,0,0,0,1,3,560670,0,0,0
202012,36,117,1,2,Wayne County                  ,105,105,23508670,5,10,1279200,0,0,0,2,16,600000,83,83,19096282,5,10,1279200,0,0,0,2,16,600000
202012,36,119,1,2,Westchester County            ,288,288,152885551,21,42,7292273,3,9,1102500,37,2132,371809921,228,228,121245722,10,20,4758125,1,3,862500,11,886,139071697
202012,37,007,3,5,Anson County                  ,55,55,8242575,0,0,0,0,0,0,0,0,0,0,0,0,0,0,0,0,0,0,0,0,0
202012,37,011,3,5,Avery County                  ,132,132,71291250,0,0,0,3,12,1260000,1,8,350000,132,132,71291250,0,0,0,3,12,1260000,1,8,350000
202012,37,015,3,5,Bertie County                 ,23,23,4294874,0,0,0,0,0,0,0,0,0,23,23,4294874,0,0,0,0,0,0,0,0,0
202012,37,025,3,5,Cabarrus County               ,1947,1947,311211282,2,4,124000,0,0,0,32,1183,107526801,1947,1947,311211282,2,4,124000,0,0,0,32,1183,107526801
202012,37,033,3,5,Caswell County                ,30,30,6996466,0,0,0,0,0,0,0,0,0,30,30,6996466,0,0,0,0,0,0,0,0,0
202012,37,037,3,5,Chatham County                ,629,629,207773295,1,2,300000,0,0,0,3,69,9675862,458,458,151783343,1,2,300000,0,0,0,0,0,0
202012,37,051,3,5,Cumberland County             ,633,633,120913974,3,6,635174,1,4,600000,3,66,12000000,633,633,120913974,2,4,291970,1,4,600000,3,66,12000000
202012,37,053,3,5,Currituck County              ,560,560,116404047,0,0,0,0,0,0,0,0,0,560,560,116404047,0,0,0,0,0,0,0,0,0
202012,37,059,3,5,Davie County                  ,198,198,46123455,0,0,0,2,6,552800,6,52,2050602,101,101,24336309,0,0,0,2,6,552800,0,0,0
202012,37,063,3,5,Durham County                 ,2131,2131,424264026,5,10,599654,3,10,4186836,22,1588,194207057,1714,1714,344047650,5,10,599654,1,4,2686900,17,1332,155420601
202012,37,069,3,5,Franklin County               ,913,913,207863322,0,0,0,0,0,0,0,0,0,913,913,207863322,0,0,0,0,0,0,0,0,0
202012,37,071,3,5,Gaston County                 ,1634,1634,443193327,2,4,441754,2,6,1048518,1,84,11026840,1416,1416,369774831,1,2,256304,0,0,0,1,84,11026840
202012,37,077,3,5,Granville County              ,315,315,65276616,0,0,0,0,0,0,0,0,0,315,315,65276616,0,0,0,0,0,0,0,0,0
202012,37,081,3,5,Guilford County               ,1694,1694,400214501,2,4,253000,0,0,0,27,902,107656411,1246,1246,246496585,2,4,253000,0,0,0,27,902,107656411
202012,37,089,3,5,Henderson County              ,572,572,167751677,0,0,0,0,0,0,0,0,0,572,572,167751677,0,0,0,0,0,0,0,0,0
202012,37,093,3,5,Hoke County                   ,339,339,79407241,0,0,0,0,0,0,0,0,0,339,339,79407241,0,0,0,0,0,0,0,0,0
202012,37,097,3,5,Iredell County                ,1529,1529,390572587,2,4,782258,0,0,0,16,372,31044308,1529,1529,390572587,2,4,782258,0,0,0,16,372,31044308
202012,37,101,3,5,Johnston County               ,3447,3447,587243257,0,0,0,0,0,0,0,0,0,3342,3342,570104186,0,0,0,0,0,0,0,0,0
202012,37,119,3,5,Mecklenburg County            ,6826,6826,1598730271,26,52,6255550,5,16,2978301,123,4173,416731581,6826,6826,1598730271,26,52,6255550,5,16,2978301,123,4173,416731581
202012,37,133,3,5,Onslow County                 ,1351,1351,209580483,0,0,0,1,4,320000,5,80,5140000,1351,1351,209580483,0,0,0,1,4,320000,5,80,5140000
202012,37,135,3,5,Orange County                 ,350,350,109447538,1,2,152000,2,7,1650000,6,106,15641223,350,350,109447538,1,2,152000,2,7,1650000,6,106,15641223
202012,37,145,3,5,Person County                 ,168,168,40069426,0,0,0,0,0,0,0,0,0,110,110,26710673,0,0,0,0,0,0,0,0,0
202012,37,151,3,5,Randolph County               ,354,354,79714049,2,4,181591,0,0,0,0,0,0,330,330,77457860,0,0,0,0,0,0,0,0,0
202012,37,157,3,5,Rockingham County             ,205,205,57854973,2,4,464031,0,0,0,0,0,0,205,205,57854973,2,4,464031,0,0,0,0,0,0
202012,37,179,3,5,Union County                  ,2004,2004,427243226,0,0,0,0,0,0,9,350,41950089,2004,2004,427243226,0,0,0,0,0,0,9,350,41950089
202012,37,181,3,5,Vance County                  ,87,87,15601911,0,0,0,0,0,0,0,0,0,87,87,15601911,0,0,0,0,0,0,0,0,0
202012,37,183,3,5,Wake County                   ,8337,8337,2062359739,12,24,3350773,2,8,1301405,78,4229,598532240,8309,8309,2058782831,12,24,3350773,2,8,1301405,77,4204,596643414
202012,37,195,3,5,Wilson County                 ,215,215,38838590,12,24,1228720,0,0,0,6,144,9694000,215,215,38838590,12,24,1228720,0,0,0,6,144,9694000
202012,39,007,2,3,Ashtabula County              ,96,96,22641745,4,8,500000,15,45,2940000,0,0,0,96,96,22641745,4,8,500000,15,45,2940000,0,0,0
202012,39,015,2,3,Brown County                  ,108,108,29940431,0,0,0,0,0,0,0,0,0,108,108,29940431,0,0,0,0,0,0,0,0,0
202012,39,017,2,3,Butler County                 ,1107,1107,238303124,9,18,2205000,0,0,0,0,0,0,1023,1023,225211636,9,18,2205000,0,0,0,0,0,0
202012,39,025,2,3,Clermont County               ,660,660,162595690,10,20,2756971,11,38,4760000,33,240,14450762,660,660,162595690,10,20,2756971,11,38,4760000,33,240,14450762
202012,39,041,2,3,Delaware County               ,1731,1731,486937037,3,6,1500000,3,12,923902,21,153,12801908,1500,1500,436616023,0,0,0,3,12,923902,13,108,7279160
202012,39,049,2,3,Franklin County               ,1929,1929,600194156,29,58,10271000,32,120,15008199,190,5878,517456308,1914,1914,596412070,29,58,10271000,32,120,15008199,188,5868,516246978
202012,39,055,2,3,Geauga County                 ,127,127,45421098,6,12,1200000,0,0,0,0,0,0,127,127,45421098,6,12,1200000,0,0,0,0,0,0
202012,39,085,2,3,Lake County                   ,569,569,118756366,0,0,0,0,0,0,1,119,6000000,546,546,114277221,0,0,0,0,0,0,1,119,6000000
202012,39,089,2,3,Licking County                ,289,289,81092139,0,0,0,1,3,443862,0,0,0,286,286,80316027,0,0,0,0,0,0,0,0,0
202012,39,093,2,3,Lorain County                 ,1067,1067,260497084,1,2,560000,24,95,4193000,15,106,11858243,994,994,245348187,1,2,560000,24,95,4193000,15,106,11858243
202012,39,097,2,3,Madison County                ,170,170,47435342,0,0,0,0,0,0,0,0,0,116,116,31385750,0,0,0,0,0,0,0,0,0
202012,39,103,2,3,Medina County                 ,454,454,166082099,0,0,0,0,0,0,1,45,7870891,454,454,166082099,0,0,0,0,0,0,1,45,7870891
202012,39,117,2,3,Morrow County                 ,89,89,23672056,0,0,0,0,0,0,1,16,1999027,85,85,22601696,0,0,0,0,0,0,1,16,1999027
202012,39,159,2,3,Union County                  ,466,466,146319990,19,38,6467000,6,21,1060000,26,329,15882460,466,466,146319990,19,38,6467000,6,21,1060000,26,329,15882460
202012,39,165,2,3,Warren County                 ,1321,1321,375529623,6,12,2492802,0,0,0,18,307,37413772,1232,1232,342486225,6,12,2492802,0,0,0,18,307,37413772
202012,40,001,3,7,Adair County                  ,6,6,620000,3,6,850000,0,0,0,0,0,0,6,6,620000,3,6,850000,0,0,0,0,0,0
202012,40,017,3,7,Canadian County               ,441,441,102105672,17,34,5916699,0,0,0,0,0,0,360,360,75807936,16,32,5690000,0,0,0,0,0,0
202012,40,021,3,7,Cherokee County               ,87,87,10817822,3,6,390000,0,0,0,8,40,1952384,8,8,450000,0,0,0,0,0,0,0,0,0
202012,40,027,3,7,Cleveland County              ,876,876,218341932,12,24,2930000,1,4,720000,24,246,16782000,868,868,217344669,12,24,2930000,1,4,720000,24,246,16782000
202012,40,029,3,7,Coal County                   ,1,1,100000,0,0,0,0,0,0,0,0,0,1,1,100000,0,0,0,0,0,0,0,0,0
202012,40,037,3,7,Creek County                  ,99,99,20523940,1,2,223682,0,0,0,12,96,7384613,26,26,4431715,1,2,223682,0,0,0,0,0,0
202012,40,051,3,7,Grady County                  ,168,168,13542340,17,34,2517000,0,0,0,0,0,0,167,167,13294740,17,34,2517000,0,0,0,0,0,0
202012,40,055,3,7,Greer County                  ,1,1,262500,0,0,0,0,0,0,0,0,0,0,0,0,0,0,0,0,0,0,0,0,0
202012,40,081,3,7,Lincoln County                ,17,17,4590005,0,0,0,0,0,0,0,0,0,17,17,4590005,0,0,0,0,0,0,0,0,0
202012,40,083,3,7,Logan County                  ,14,14,2055000,0,0,0,0,0,0,0,0,0,14,14,2055000,0,0,0,0,0,0,0,0,0
202012,40,087,3,7,McClain County                ,558,558,111533490,23,46,4512365,3,11,907500,0,0,0,417,417,85202467,22,44,4262365,3,11,907500,0,0,0
202012,40,109,3,7,Oklahoma County               ,4799,4799,1172114843,92,184,16140600,2,8,1680000,0,0,0,4770,4770,1166564049,91,182,15978600,2,8,1680000,0,0,0
202012,40,111,3,7,Okmulgee County               ,75,75,9998330,1,2,189540,0,0,0,0,0,0,74,74,9966330,1,2,189540,0,0,0,0,0,0
202012,40,113,3,7,Osage County                  ,122,122,31817497,1,2,360050,0,0,0,1,8,500000,122,122,31817497,1,2,360050,0,0,0,1,8,500000
202012,40,117,3,7,Pawnee County                 ,3,3,705000,0,0,0,0,0,0,0,0,0,3,3,705000,0,0,0,0,0,0,0,0,0
202012,40,131,3,7,Rogers County                 ,587,587,105230135,7,14,717885,0,0,0,12,84,5947768,585,585,104829135,7,14,717885,0,0,0,12,84,5947768
202012,40,143,3,7,Tulsa County                  ,2594,2594,597162708,11,22,2636045,10,40,3875440,29,559,57098040,2594,2594,597162708,11,22,2636045,10,40,3875440,29,559,57098040
202012,40,145,3,7,Wagoner County                ,559,559,115883146,0,0,0,0,0,0,1,56,4688138,559,559,115883146,0,0,0,0,0,0,1,56,4688138
202012,41,000,4,9,Oregon Balance of State       ,368,368,40147300,0,0,0,0,0,0,0,0,0,368,368,40147300,0,0,0,0,0,0,0,0,0
202012,41,005,4,9,Clackamas County              ,1385,1385,439651282,14,28,4045908,1,4,529148,21,571,71532435,1385,1385,439651282,14,28,4045908,1,4,529148,21,571,71532435
202012,41,017,4,9,Deschutes County              ,1792,1792,464864428,65,130,16128920,5,17,2912933,19,464,73684483,1724,1724,450603020,62,124,15358668,5,17,2912933,18,459,72921480
202012,41,019,4,9,Douglas County                ,235,235,63957411,4,8,1000725,0,0,0,0,0,0,235,235,63957411,4,8,1000725,0,0,0,0,0,0
202012,41,023,4,9,Grant County                  ,5,5,1800067,1,2,263345,0,0,0,0,0,0,5,5,1800067,1,2,263345,0,0,0,0,0,0
202012,41,025,4,9,Harney County                 ,14,14,3026211,0,0,0,0,0,0,0,0,0,14,14,3026211,0,0,0,0,0,0,0,0,0
202012,41,035,4,9,Klamath County                ,152,152,32992556,0,0,0,0,0,0,0,0,0,152,152,32992556,0,0,0,0,0,0,0,0,0
202012,41,037,4,9,Lake County                   ,8,8,1840739,0,0,0,0,0,0,0,0,0,8,8,1840739,0,0,0,0,0,0,0,0,0
202012,41,051,4,9,Multnomah County              ,686,686,189654474,29,58,12032517,4,13,2133785,58,1972,227235985,576,576,161670436,18,36,7529089,2,7,683558,47,1259,133236324
202012,41,065,4,9,Wasco County                  ,63,63,14092101,7,14,2055293,0,0,0,1,6,125000,63,63,14092101,7,14,2055293,0,0,0,1,6,125000
202012,41,067,4,9,Washington County             ,1648,1648,483693312,0,0,0,0,0,0,31,1468,195652976,1605,1605,471878916,0,0,0,0,0,0,29,1410,187012516
202012,41,071,4,9,Yamhill County                ,321,321,94362177,15,30,3971792,0,0,0,0,0,0,321,321,94362177,14,28,3606418,0,0,0,0,0,0
202012,42,001,1,2,Adams County                  ,237,237,51994445,0,0,0,0,0,0,0,0,0,215,215,45201982,0,0,0,0,0,0,0,0,0
202012,42,017,1,2,Bucks County                  ,689,689,173678098,1,2,400000,2,8,1056000,2,12,1699580,520,520,135213436,1,2,400000,2,8,1056000,2,12,1699580
202012,42,029,1,2,Chester County                ,1504,1504,331055157,9,18,3301752,14,54,6863772,28,681,55373768,1300,1300,284264564,9,18,3301752,14,54,6863772,14,554,45618456
202012,42,037,1,2,Columbia County               ,56,56,13581107,1,2,285714,0,0,0,0,0,0,36,36,9276757,0,0,0,0,0,0,0,0,0
202012,42,041,1,2,Cumberland County             ,779,779,162349504,6,12,1453385,6,21,2710093,19,151,13759795,647,647,140308487,6,12,1453385,6,21,2710093,11,110,9746000
202012,42,043,1,2,Dauphin County                ,397,397,85960429,9,18,3010879,12,42,7100849,7,106,12226902,357,357,77159442,8,16,2655380,11,39,6587203,6,91,10659000
202012,42,045,1,2,Delaware County               ,209,209,48037277,16,32,5145423,1,4,637575,6,58,16875000,84,84,22070319,15,30,4695423,1,4,637575,1,33,15000000
202012,42,055,1,2,Franklin County               ,282,282,67405993,15,30,2681980,1,4,530546,3,15,1946610,259,259,61310069,15,30,2681980,1,4,530546,0,0,0
202012,42,091,1,2,Montgomery County             ,1163,1163,271661929,6,12,5495000,14,51,6463269,26,640,128676835,988,988,230037398,6,12,5495000,11,42,5233269,16,363,75994442
202012,42,093,1,2,Montour County                ,26,26,5656320,2,4,480000,0,0,0,0,0,0,26,26,5656320,2,4,480000,0,0,0,0,0,0
202012,42,099,1,2,Perry County                  ,90,90,23100521,0,0,0,0,0,0,0,0,0,7,7,1697000,0,0,0,0,0,0,0,0,0
202012,42,101,1,2,Philadelphia County           ,983,983,260014111,216,432,65135218,173,598,76129499,110,3652,422495935,537,537,142276274,148,296,44777645,101,356,46667100,73,2721,291367412
202012,42,103,1,2,Pike County                   ,126,126,36501457,0,0,0,0,0,0,0,0,0,115,115,34017579,0,0,0,0,0,0,0,0,0
202012,44,001,1,1,Bristol County                ,45,45,16034907,0,0,0,0,0,0,1,12,610000,25,25,6979524,0,0,0,0,0,0,1,12,610000
202012,44,003,1,1,Kent County                   ,143,143,27607462,9,18,1577600,12,46,4815000,2,10,1000000,135,135,25537653,9,18,1577600,12,46,4815000,2,10,1000000
202012,44,005,1,1,Newport County                ,122,122,48340461,0,0,0,0,0,0,0,0,0,112,112,44738170,0,0,0,0,0,0,0,0,0
202012,44,007,1,1,Providence County             ,354,354,65810820,46,92,9854309,12,45,3199254,13,88,11766556,278,278,53181307,32,64,8055122,9,34,2566212,9,63,10335210
202012,44,009,1,1,Washington County             ,294,294,91907096,26,52,4842520,1,3,525000,1,5,859375,253,253,81242021,26,52,4842520,0,0,0,0,0,0
202012,45,003,3,5,Aiken County                  ,1139,1139,264139709,3,6,622992,0,0,0,0,0,0,1130,1130,261793029,0,0,0,0,0,0,0,0,0
202012,45,009,3,5,Bamberg County                ,15,15,2397000,0,0,0,0,0,0,0,0,0,15,15,2397000,0,0,0,0,0,0,0,0,0
202012,45,015,3,5,Berkeley County               ,1892,1892,528547091,0,0,0,0,0,0,35,1075,81099833,949,949,259044132,0,0,0,0,0,0,15,585,62152382
202012,45,017,3,5,Calhoun County                ,8,8,968800,0,0,0,0,0,0,0,0,0,8,8,968800,0,0,0,0,0,0,0,0,0
202012,45,019,3,5,Charleston County             ,2769,2769,751947310,0,0,0,11,34,2284375,49,1488,132445585,1171,1171,488161619,0,0,0,3,9,300000,10,476,65016629
202012,45,035,3,5,Dorchester County             ,1148,1148,329969066,0,0,0,0,0,0,9,216,28313533,1148,1148,329969066,0,0,0,0,0,0,9,216,28313533
202012,45,037,3,5,Edgefield County              ,219,219,49843713,0,0,0,0,0,0,0,0,0,219,219,49843713,0,0,0,0,0,0,0,0,0
202012,45,039,3,5,Fairfield County              ,72,72,13696816,0,0,0,0,0,0,0,0,0,72,72,13696816,0,0,0,0,0,0,0,0,0
202012,45,045,3,5,Greenville County             ,4258,4258,1102936622,10,20,3530846,2,8,614080,63,1836,171064103,4258,4258,1102936622,10,20,3530846,2,8,614080,63,1836,171064103
202012,45,051,3,5,Horry County                  ,5007,5007,882303673,47,94,9046684,0,0,0,20,318,23528789,4983,4983,879639882,47,94,9046684,0,0,0,13,283,21778789
202012,45,055,3,5,Kershaw County                ,486,486,81894810,0,0,0,0,0,0,1,8,635000,486,486,81894810,0,0,0,0,0,0,1,8,635000
202012,45,059,3,5,Laurens County                ,187,187,25212479,1,2,118816,0,0,0,0,0,0,187,187,25212479,1,2,118816,0,0,0,0,0,0
202012,45,063,3,5,Lexington County              ,2323,2323,612290426,0,0,0,0,0,0,12,73,9749697,1702,1702,455316590,0,0,0,0,0,0,0,0,0
202012,45,077,3,5,Pickens County                ,779,779,217418832,2,4,474255,1,3,903594,4,60,4607096,736,736,211005119,2,4,474255,1,3,903594,4,60,4607096
202012,45,079,3,5,Richland County               ,1834,1834,349610720,2,4,301000,0,0,0,1,5,843131,1503,1503,277106500,2,4,301000,0,0,0,0,0,0
202012,45,081,3,5,Saluda County                 ,48,48,9734749,0,0,0,0,0,0,0,0,0,6,6,395000,0,0,0,0,0,0,0,0,0
202012,45,085,3,5,Sumter County                 ,305,305,40080065,8,16,990877,3,12,992826,0,0,0,305,305,40080065,8,16,990877,3,12,992826,0,0,0
202012,45,091,3,5,York County                   ,2394,2394,831630993,0,0,0,0,0,0,12,170,19297491,1242,1242,403311303,0,0,0,0,0,0,0,0,0
202012,46,007,2,4,Bennett County                ,6,6,242000,0,0,0,0,0,0,0,0,0,6,6,242000,0,0,0,0,0,0,0,0,0
202012,46,055,2,4,Haakon County                 ,0,0,0,0,0,0,0,0,0,0,0,0,0,0,0,0,0,0,0,0,0,0,0,0
202012,46,071,2,4,Jackson County                ,0,0,0,0,0,0,0,0,0,0,0,0,0,0,0,0,0,0,0,0,0,0,0,0
202012,46,111,2,4,Sanborn County                ,6,6,1165000,0,0,0,0,0,0,0,0,0,6,6,1165000,0,0,0,0,0,0,0,0,0
202012,47,001,3,6,Anderson County               ,210,210,39617197,0,0,0,0,0,0,7,226,19504001,160,160,33235717,0,0,0,0,0,0,7,226,19504001
202012,47,015,3,6,Cannon County                 ,3,3,194570,0,0,0,0,0,0,0,0,0,3,3,194570,0,0,0,0,0,0,0,0,0
202012,47,021,3,6,Cheatham County               ,250,250,49645185,2,4,420000,1,3,150000,0,0,0,249,249,49312953,2,4,420000,1,3,150000,0,0,0
202012,47,037,3,6,Davidson County               ,3705,3705,924440805,7,14,3223161,8,29,3841744,142,9474,810632180,3695,3695,921192084,7,14,3223161,8,29,3841744,142,9474,810632180
202012,47,043,3,6,Dickson County                ,463,463,89238468,0,0,0,0,0,0,0,0,0,425,425,83847075,0,0,0,0,0,0,0,0,0
202012,47,049,3,6,Fentress County               ,0,0,0,0,0,0,0,0,0,0,0,0,0,0,0,0,0,0,0,0,0,0,0,0
202012,47,081,3,6,Hickman County                ,107,107,17393238,1,2,120920,0,0,0,0,0,0,7,7,1021054,0,0,0,0,0,0,0,0,0
202012,47,093,3,6,Knox County                   ,1797,1797,379818298,19,38,7795770,27,94,12698165,36,1049,189800556,1797,1797,379818298,19,38,7795770,27,94,12698165,36,1049,189800556
202012,47,105,3,6,Loudon County                 ,495,495,128557085,2,4,580000,0,0,0,0,0,0,489,489,127565858,2,4,580000,0,0,0,0,0,0
202012,47,117,3,6,Marshall County               ,189,189,35912519,0,0,0,0,0,0,0,0,0,0,0,0,0,0,0,0,0,0,0,0,0
202012,47,125,3,6,Montgomery County             ,2946,2946,391580167,56,112,10925500,43,169,12189400,26,407,31550900,2946,2946,391580167,56,112,10925500,43,169,12189400,26,407,31550900
202012,47,139,3,6,Polk County                   ,213,213,38631448,0,0,0,0,0,0,0,0,0,5,5,1165645,0,0,0,0,0,0,0,0,0
202012,47,149,3,6,Rutherford County             ,3303,3303,804872700,29,58,5273141,24,94,9910286,13,65,6349183,3211,3211,788572312,29,58,5273141,24,94,9910286,13,65,6349183
202012,47,153,3,6,Sequatchie County             ,13,13,2670000,0,0,0,0,0,0,0,0,0,13,13,2670000,0,0,0,0,0,0,0,0,0
202012,47,157,3,6,Shelby County                 ,993,993,234239523,11,22,3221436,4,14,2110984,28,849,100298889,918,918,216459323,11,22,3221436,4,14,2110984,27,826,96930922
202012,47,159,3,6,Smith County                  ,90,90,18053156,0,0,0,1,3,250000,1,8,300000,86,86,17293264,0,0,0,1,3,250000,1,8,300000
202012,47,161,3,6,Stewart County                ,2,2,472409,0,0,0,0,0,0,0,0,0,1,1,209076,0,0,0,0,0,0,0,0,0
202012,47,165,3,6,Sumner County                 ,1434,1434,426360283,3,6,638050,1,4,320000,23,536,52454924,1434,1434,426360283,3,6,638050,1,4,320000,23,536,52454924
202012,47,167,3,6,Tipton County                 ,210,210,41157252,0,0,0,0,0,0,1,23,2800000,112,112,26891472,0,0,0,0,0,0,1,23,2800000
202012,47,169,3,6,Trousdale County              ,79,79,10572000,0,0,0,1,4,213000,0,0,0,79,79,10572000,0,0,0,1,4,213000,0,0,0
202012,47,173,3,6,Union County                  ,97,97,19386223,0,0,0,0,0,0,0,0,0,90,90,19114000,0,0,0,0,0,0,0,0,0
202012,47,175,3,6,Van Buren County              ,5,5,580000,0,0,0,0,0,0,0,0,0,5,5,580000,0,0,0,0,0,0,0,0,0
202012,47,189,3,6,Wilson County                 ,1810,1810,466969104,1,2,200000,1,4,1000000,20,533,65533384,1746,1746,446043018,1,2,200000,1,4,1000000,19,528,64908384
202012,48,013,3,7,Atascosa County               ,57,57,10559301,0,0,0,0,0,0,0,0,0,29,29,5695943,0,0,0,0,0,0,0,0,0
202012,48,015,3,7,Austin County                 ,29,29,5720063,0,0,0,0,0,0,0,0,0,10,10,1862000,0,0,0,0,0,0,0,0,0
202012,48,019,3,7,Bandera County                ,1,1,237457,0,0,0,0,0,0,0,0,0,1,1,237457,0,0,0,0,0,0,0,0,0
202012,48,021,3,7,Bastrop County                ,474,474,79540178,2,4,375422,0,0,0,0,0,0,474,474,79540178,2,4,375422,0,0,0,0,0,0
202012,48,025,3,7,Bee County                    ,12,12,1568296,7,14,1050000,0,0,0,0,0,0,1,1,194000,0,0,0,0,0,0,0,0,0
202012,48,027,3,7,Bell County                   ,2512,2512,448513439,188,376,34186035,19,76,6656617,8,152,14042824,2433,2433,431299403,171,342,30839476,19,76,6656617,8,152,14042824
202012,48,029,3,7,Bexar County                  ,5330,5330,1207399475,69,138,14188048,19,74,8891671,197,4849,552534900,4671,4671,1065346448,67,134,13614912,16,64,8468262,181,4467,507538838
202012,48,051,3,7,Burleson County               ,36,36,4558326,0,0,0,0,0,0,0,0,0,36,36,4558326,0,0,0,0,0,0,0,0,0
202012,48,055,3,7,Caldwell County               ,352,352,74375435,4,8,750278,1,4,330493,7,56,5173672,85,85,17708770,3,6,563133,1,4,330493,7,56,5173672
202012,48,085,3,7,Collin County                 ,12424,12424,3288979482,76,152,18453343,3,12,1569546,50,2044,229718968,11311,11311,2998241404,76,152,18453343,3,12,1569546,50,2044,229718968
202012,48,091,3,7,Comal County                  ,3389,3389,793501722,2,4,675000,5,20,2292728,28,784,89010981,3389,3389,793501722,2,4,675000,5,20,2292728,28,784,89010981
202012,48,099,3,7,Coryell County                ,332,332,48656768,70,140,11560825,0,0,0,0,0,0,332,332,48656768,70,140,11560825,0,0,0,0,0,0
202012,48,107,3,7,Crosby County                 ,0,0,0,0,0,0,0,0,0,0,0,0,0,0,0,0,0,0,0,0,0,0,0,0
202012,48,113,3,7,Dallas County                 ,5588,5588,1483622799,91,182,20218868,21,80,12679373,93,4798,598283058,5317,5317,1400963892,84,168,18429686,17,64,9945931,77,4293,551868039
202012,48,119,3,7,Delta County                  ,7,7,1463532,1,2,187711,0,0,0,0,0,0,7,7,1463532,1,2,187711,0,0,0,0,0,0
202012,48,135,3,7,Ector County                  ,898,898,210401474,1,2,223682,0,0,0,8,288,34518931,898,898,210401474,1,2,223682,0,0,0,8,288,34518931
202012,48,139,3,7,Ellis County                  ,2561,2561,610950340,5,10,1141087,3,11,592386,19,160,19643597,2348,2348,566488230,5,10,1141087,3,11,592386,16,144,16920000
202012,48,141,3,7,El Paso County                ,2859,2859,679165622,63,126,16802446,9,33,4373788,20,340,45783920,753,753,175932604,20,40,4916986,0,0,0,0,0,0
202012,48,157,3,7,Fort Bend County              ,10460,10460,2064768831,4,8,988064,0,0,0,77,2359,277407313,5431,5431,1267731611,4,8,988064,0,0,0,29,1197,143469307
202012,48,167,3,7,Galveston County              ,2899,2899,673997437,0,0,0,1,4,200000,15,348,24360000,1864,1864,400481241,0,0,0,1,4,200000,15,348,24360000
202012,48,185,3,7,Grimes County                 ,87,87,13456969,0,0,0,0,0,0,0,0,0,87,87,13456969,0,0,0,0,0,0,0,0,0
202012,48,187,3,7,Guadalupe County              ,1258,1258,289798279,44,88,10612035,0,0,0,9,203,24292990,1256,1256,289323365,44,88,10612035,0,0,0,9,203,24292990
202012,48,193,3,7,Hamilton County               ,9,9,1266303,0,0,0,0,0,0,0,0,0,9,9,1266303,0,0,0,0,0,0,0,0,0
202012,48,195,3,7,Hansford County               ,3,3,614694,0,0,0,0,0,0,0,0,0,0,0,0,0,0,0,0,0,0,0,0,0
202012,48,201,3,7,Harris County                 ,20842,20842,4053702690,112,224,18027838,1,3,475000,451,15805,1632412860,20808,20808,4025903866,112,224,18027838,1,3,475000,451,15805,1632412860
202012,48,211,3,7,Hemphill County               ,0,0,0,0,0,0,0,0,0,0,0,0,0,0,0,0,0,0,0,0,0,0,0,0
202012,48,215,3,7,Hidalgo County                ,3496,3496,670232729,78,156,8824492,195,778,65971686,33,484,42915736,3152,3152,632028922,73,146,8074492,183,731,61480892,32,472,42171508
202012,48,233,3,7,Hutchinson County             ,1,1,209076,0,0,0,0,0,0,0,0,0,1,1,209076,0,0,0,0,0,0,0,0,0
202012,48,251,3,7,Johnson County                ,1367,1367,297636086,48,96,9990145,9,36,2859698,32,1085,125252452,1363,1363,296689408,48,96,9990145,9,36,2859698,32,1085,125252452
202012,48,257,3,7,Kaufman County                ,860,860,191907420,104,208,27600000,0,0,0,0,0,0,856,856,190969847,104,208,27600000,0,0,0,0,0,0
202012,48,259,3,7,Kendall County                ,399,399,95087203,0,0,0,0,0,0,0,0,0,107,107,25027029,0,0,0,0,0,0,0,0,0
202012,48,271,3,7,Kinney County                 ,0,0,0,0,0,0,0,0,0,0,0,0,0,0,0,0,0,0,0,0,0,0,0,0
202012,48,281,3,7,Lampasas County               ,49,49,6932110,0,0,0,0,0,0,0,0,0,49,49,6932110,0,0,0,0,0,0,0,0,0
202012,48,291,3,7,Liberty County                ,1013,1013,147813922,0,0,0,0,0,0,0,0,0,952,952,133783759,0,0,0,0,0,0,0,0,0
202012,48,303,3,7,Lubbock County                ,2017,2017,420456260,127,254,28412873,1,4,400000,138,1576,153258368,2007,2007,418726260,127,254,28412873,1,4,400000,135,1561,152180243
202012,48,323,3,7,Maverick County               ,121,121,27183131,9,18,1622137,0,0,0,0,0,1,121,121,27183131,9,18,1622137,0,0,0,0,0,1
202012,48,325,3,7,Medina County                 ,32,32,6006253,1,2,280000,0,0,0,0,0,0,32,32,6006253,1,2,280000,0,0,0,0,0,0
202012,48,329,3,7,Midland County                ,1289,1289,178729096,0,0,0,0,0,0,0,0,0,1289,1289,178729096,0,0,0,0,0,0,0,0,0
202012,48,339,3,7,Montgomery County             ,8864,8864,1869324092,40,80,5589179,7,28,5130102,48,1210,113990221,8714,8714,1834597505,40,80,5589179,7,28,5130102,37,1149,107203294
202012,48,367,3,7,Parker County                 ,501,501,114495314,5,10,1479385,3,9,489204,7,36,3134009,362,362,86557905,0,0,0,0,0,0,0,0,0
202012,48,375,3,7,Potter County                 ,560,560,131049925,0,0,0,0,0,0,39,285,33815214,560,560,131049925,0,0,0,0,0,0,39,285,33815214
202012,48,383,3,7,Reagan County                 ,2,2,425076,0,0,0,0,0,0,0,0,0,2,2,425076,0,0,0,0,0,0,0,0,0
202012,48,385,3,7,Real County                   ,0,0,0,0,0,0,0,0,0,0,0,0,0,0,0,0,0,0,0,0,0,0,0,0
202012,48,395,3,7,Robertson County              ,126,126,21326913,2,4,500000,0,0,0,0,0,0,126,126,21326913,2,4,500000,0,0,0,0,0,0
202012,48,397,3,7,Rockwall County               ,2299,2299,723346297,0,0,0,0,0,0,3,393,47103957,2238,2238,697912833,0,0,0,0,0,0,3,393,47103957
202012,48,407,3,7,San Jacinto County            ,457,457,100519349,0,0,0,0,0,0,0,0,0,0,0,0,0,0,0,0,0,0,0,0,0
202012,48,411,3,7,San Saba County               ,1,1,100000,0,0,0,0,0,0,0,0,0,1,1,100000,0,0,0,0,0,0,0,0,0
202012,48,451,3,7,Tom Green County              ,686,686,143204551,0,0,0,0,0,0,0,0,0,686,686,143204551,0,0,0,0,0,0,0,0,0
202012,48,453,3,7,Travis County                 ,10383,10383,2333442436,110,220,22112673,15,51,5404883,318,16006,1670583586,10282,10282,2313380041,110,220,22112673,13,45,4737549,318,16006,1670583586
202012,48,473,3,7,Waller County                 ,32,32,4677943,0,0,0,0,0,0,15,136,6543139,8,8,1941291,0,0,0,0,0,0,3,68,5034855
202012,48,491,3,7,Williamson County             ,6313,6313,1513430649,58,116,14614410,0,0,0,39,1928,286322208,5934,5934,1416682576,57,114,14402420,0,0,0,39,1928,286322208
202012,48,493,3,7,Wilson County                 ,120,120,32269866,0,0,0,0,0,0,0,0,0,113,113,30435938,0,0,0,0,0,0,0,0,0
202012,48,497,3,7,Wise County                   ,88,88,20078681,1,2,350000,0,0,0,1,5,550000,88,88,20078681,1,2,350000,0,0,0,1,5,550000
202012,49,011,4,8,Davis County                  ,1946,1946,551229504,6,12,2966474,8,25,4539029,14,434,44501920,1946,1946,551229504,6,12,2966474,8,25,4539029,14,434,44501920
202012,49,023,4,8,Juab County                   ,69,69,22027544,5,10,1779658,1,4,677699,5,25,4226966,53,53,16188959,5,10,1779658,1,4,677699,5,25,4226966
202012,49,029,4,8,Morgan County                 ,97,97,44310388,0,0,0,0,0,0,0,0,0,64,64,35490131,0,0,0,0,0,0,0,0,0
202012,49,035,4,8,Salt Lake County              ,4322,4322,1142261913,137,274,33555896,70,249,50981924,109,5256,787238613,3590,3590,967812472,135,270,32889229,56,205,43359066,98,4827,722430978
202012,49,039,4,8,Sanpete County                ,73,73,14797439,0,0,0,0,0,0,0,0,0,73,73,14797439,0,0,0,0,0,0,0,0,0
202012,49,043,4,8,Summit County                 ,199,199,141399173,2,4,691450,12,40,7478123,13,72,12301690,93,93,86940944,2,4,691450,5,19,1587413,0,0,0
202012,49,057,4,8,Weber County                  ,1791,1791,391744923,5,10,1641946,34,128,22782899,24,464,51676269,1744,1744,377983601,5,10,1641946,29,110,19757104,16,421,47837027
202012,51,003,3,5,Albemarle County              ,695,695,206758480,1,2,545000,0,0,0,11,285,27991286,281,281,82546706,1,2,545000,0,0,0,5,169,16780190
202012,51,007,3,5,Amelia County                 ,54,54,11814409,0,0,0,0,0,0,0,0,0,54,54,11814409,0,0,0,0,0,0,0,0,0
202012,51,009,3,5,Amherst County                ,69,69,15704650,0,0,0,0,0,0,0,0,0,69,69,15704650,0,0,0,0,0,0,0,0,0
202012,51,013,3,5,Arlington County              ,294,294,107066257,1,2,120000,0,0,0,2,257,62000000,294,294,107066257,1,2,120000,0,0,0,2,257,62000000
202012,51,015,3,5,Augusta County                ,242,242,54213311,0,0,0,0,0,0,2,80,10000000,242,242,54213311,0,0,0,0,0,0,2,80,10000000
202012,51,019,3,5,Bedford County                ,24,24,4463930,2,4,568000,2,8,1800000,2,108,2800000,20,20,3536000,2,4,568000,2,8,1800000,2,108,2800000
202012,51,033,3,5,Caroline County               ,188,188,35425469,0,0,0,0,0,0,0,0,0,188,188,35425469,0,0,0,0,0,0,0,0,0
202012,51,036,3,5,Charles City County           ,20,20,3583738,0,0,0,0,0,0,0,0,0,0,0,0,0,0,0,0,0,0,0,0,0
202012,51,037,3,5,Charlotte County              ,11,11,1621950,0,0,0,0,0,0,0,0,0,11,11,1621950,0,0,0,0,0,0,0,0,0
202012,51,041,3,5,Chesterfield County           ,2202,2202,399033566,7,14,2182744,64,243,27853080,42,657,44961533,2202,2202,399033566,7,14,2182744,64,243,27853080,42,657,44961533
202012,51,043,3,5,Clarke County                 ,78,78,19809063,0,0,0,0,0,0,0,0,0,78,78,19809063,0,0,0,0,0,0,0,0,0
202012,51,049,3,5,Cumberland County             ,37,37,5028181,0,0,0,0,0,0,0,0,0,37,37,5028181,0,0,0,0,0,0,0,0,0
202012,51,051,3,5,Dickenson County              ,7,7,1685000,0,0,0,0,0,0,0,0,0,7,7,1685000,0,0,0,0,0,0,0,0,0
202012,51,053,3,5,Dinwiddie County              ,99,99,17146626,0,0,0,0,0,0,0,0,0,99,99,17146626,0,0,0,0,0,0,0,0,0
202012,51,059,3,5,Fairfax County                ,1013,1013,237465764,0,0,0,0,0,0,22,592,33360000,1013,1013,237465764,0,0,0,0,0,0,22,592,33360000
202012,51,061,3,5,Fauquier County               ,197,197,59107105,0,0,0,0,0,0,0,0,0,197,197,59107105,0,0,0,0,0,0,0,0,0
202012,51,069,3,5,Frederick County              ,678,678,171045961,0,0,0,0,0,0,0,0,0,678,678,171045961,0,0,0,0,0,0,0,0,0
202012,51,073,3,5,Gloucester County             ,127,127,26740279,0,0,0,0,0,0,1,12,5581268,127,127,26740279,0,0,0,0,0,0,1,12,5581268
202012,51,075,3,5,Goochland County              ,301,301,72948170,0,0,0,0,0,0,0,0,0,301,301,72948170,0,0,0,0,0,0,0,0,0
202012,51,085,3,5,Hanover County                ,690,690,155718216,0,0,0,0,0,0,0,0,0,690,690,155718216,0,0,0,0,0,0,0,0,0
202012,51,087,3,5,Henrico County                ,794,794,126372936,167,334,12787187,0,0,0,5,787,95009202,794,794,126372936,167,334,12787187,0,0,0,5,787,95009202
202012,51,093,3,5,Isle of Wight County          ,265,265,47475599,0,0,0,0,0,0,2,28,2093730,265,265,47475599,0,0,0,0,0,0,2,28,2093730
202012,51,095,3,5,James City County             ,314,314,90358932,1,2,525000,10,36,4984210,4,22,3678714,314,314,90358932,1,2,525000,10,36,4984210,4,22,3678714
202012,51,097,3,5,King and Queen County         ,20,20,2967568,0,0,0,0,0,0,0,0,0,20,20,2967568,0,0,0,0,0,0,0,0,0
202012,51,099,3,5,King George County            ,165,165,34305308,0,0,0,0,0,0,0,0,0,165,165,34305308,0,0,0,0,0,0,0,0,0
202012,51,107,3,5,Loudoun County                ,1819,1819,400866564,0,0,0,0,0,0,17,674,49757000,1819,1819,400866564,0,0,0,0,0,0,17,674,49757000
202012,51,109,3,5,Louisa County                 ,435,435,90552245,0,0,0,0,0,0,0,0,0,435,435,90552245,0,0,0,0,0,0,0,0,0
202012,51,115,3,5,Mathews County                ,31,31,10714475,0,0,0,0,0,0,0,0,0,31,31,10714475,0,0,0,0,0,0,0,0,0
202012,51,127,3,5,New Kent County               ,317,317,116294520,0,0,0,1,4,868000,0,0,0,317,317,116294520,0,0,0,1,4,868000,0,0,0
202012,51,139,3,5,Page County                   ,80,80,11674580,0,0,0,0,0,0,0,0,0,80,80,11674580,0,0,0,0,0,0,0,0,0
202012,51,145,3,5,Powhatan County               ,207,207,46481583,1,2,240000,0,0,0,0,0,0,207,207,46481583,1,2,240000,0,0,0,0,0,0
202012,51,149,3,5,Prince George County          ,64,64,10619270,0,0,0,0,0,0,0,0,0,64,64,10619270,0,0,0,0,0,0,0,0,0
202012,51,153,3,5,Prince William County         ,1369,1369,240949657,0,0,0,0,0,0,11,69,8267698,1369,1369,240949657,0,0,0,0,0,0,10,64,7700000
202012,51,165,3,5,Rockingham County             ,536,536,157786325,0,0,0,0,0,0,0,0,0,536,536,157786325,0,0,0,0,0,0,0,0,0
202012,51,175,3,5,Southampton County            ,60,60,9205500,0,0,0,0,0,0,0,0,0,28,28,4137596,0,0,0,0,0,0,0,0,0
202012,51,177,3,5,Spotsylvania County           ,779,779,204184786,0,0,0,0,0,0,20,632,74400563,0,0,0,0,0,0,0,0,0,0,0,0
202012,51,179,3,5,Stafford County               ,964,964,238166543,0,0,0,0,0,0,0,0,0,964,964,238166543,0,0,0,0,0,0,0,0,0
202012,51,181,3,5,Surry County                  ,25,25,3777910,0,0,0,0,0,0,0,0,0,25,25,3777910,0,0,0,0,0,0,0,0,0
202012,51,183,3,5,Sussex County                 ,37,37,4792381,0,0,0,0,0,0,0,0,0,37,37,4792381,0,0,0,0,0,0,0,0,0
202012,51,187,3,5,Warren County                 ,191,191,44042011,0,0,0,0,0,0,0,0,0,191,191,44042011,0,0,0,0,0,0,0,0,0
202012,51,199,3,5,York County                   ,257,257,75294614,2,4,600000,2,8,1306606,3,17,2761759,257,257,75294614,2,4,600000,2,8,1306606,3,17,2761759
202012,51,510,3,5,Alexandria (Independent City) ,107,107,40575327,0,0,0,0,0,0,0,0,0,107,107,40575327,0,0,0,0,0,0,0,0,0
202012,51,540,3,5,Charlottesville (Independent C,72,72,24091696,8,16,2730000,0,0,0,2,102,9950657,24,24,7470000,2,4,450000,0,0,0,2,102,9950657
202012,51,550,3,5,Chesapeake(Independent City)  ,1128,1128,313350721,0,0,0,0,0,0,0,0,0,1128,1128,313350721,0,0,0,0,0,0,0,0,0
202012,51,570,3,5,Colonial Heights (Independent ,6,6,1029076,0,0,0,0,0,0,0,0,0,6,6,1029076,0,0,0,0,0,0,0,0,0
202012,51,580,3,5,Covington (Independent City)  ,3,3,566000,0,0,0,0,0,0,0,0,0,3,3,566000,0,0,0,0,0,0,0,0,0
202012,51,600,3,5,Fairfax (Independent City)    ,10,10,3382000,0,0,0,0,0,0,0,0,0,10,10,3382000,0,0,0,0,0,0,0,0,0
202012,51,610,3,5,Falls Church (Independent City,14,14,7050000,0,0,0,0,0,0,0,0,0,14,14,7050000,0,0,0,0,0,0,0,0,0
202012,51,630,3,5,Fredericksburg(Independent Cit,104,104,25835024,0,0,0,0,0,0,0,0,0,104,104,25835024,0,0,0,0,0,0,0,0,0
202012,51,650,3,5,Hampton (Independent City)    ,211,211,13160137,0,0,0,0,0,0,0,0,0,0,0,0,0,0,0,0,0,0,0,0,0
202012,51,660,3,5,Harrisonburg (Independent City,39,39,8498021,0,0,0,0,0,0,2,21,2857000,39,39,8498021,0,0,0,0,0,0,2,21,2857000
202012,51,670,3,5,Hopewell (Independent City)   ,37,37,3129305,0,0,0,0,0,0,8,40,3447160,4,4,143900,0,0,0,0,0,0,0,0,0
202012,51,680,3,5,Lynchburg (Independent City)  ,156,156,20267181,2,4,173000,0,0,0,15,201,11070000,156,156,20267181,2,4,173000,0,0,0,15,201,11070000
202012,51,683,3,5,Manassas (Independent City)   ,73,73,17105537,0,0,0,0,0,0,0,0,0,51,51,11889579,0,0,0,0,0,0,0,0,0
202012,51,685,3,5,Manassas Park (Independent Cit,0,0,0,0,0,0,0,0,0,0,0,0,0,0,0,0,0,0,0,0,0,0,0,0
202012,51,700,3,5,Newport News (Independent City,160,160,20234488,0,0,0,0,0,0,0,0,0,160,160,20234488,0,0,0,0,0,0,0,0,0
202012,51,710,3,5,Norfolk (Independent City)    ,470,470,60717577,4,8,2745000,0,0,0,10,716,82200183,470,470,60717577,4,8,2745000,0,0,0,10,716,82200183
202012,51,730,3,5,Petersburg (Independent City) ,14,14,1212934,0,0,0,0,0,0,5,50,6540520,13,13,1120334,0,0,0,0,0,0,5,50,6540520
202012,51,735,3,5,Poquoson (Independent City)   ,25,25,5015000,0,0,0,0,0,0,0,0,0,25,25,5015000,0,0,0,0,0,0,0,0,0
202012,51,740,3,5,Portsmouth (Independent City) ,280,280,31675332,0,0,0,0,0,0,0,0,0,280,280,31675332,0,0,0,0,0,0,0,0,0
202012,51,760,3,5,Richmond (Independent City)   ,294,294,59012477,2,4,446989,0,0,0,6,594,38773319,294,294,59012477,2,4,446989,0,0,0,6,594,38773319
202012,51,800,3,5,Suffolk (Independent City)    ,715,715,167206559,0,0,0,0,0,0,10,393,48449152,715,715,167206559,0,0,0,0,0,0,10,393,48449152
202012,51,810,3,5,Virginia Beach (Independent Ci,493,493,92397895,0,0,0,0,0,0,2,445,55456825,493,493,92397895,0,0,0,0,0,0,2,445,55456825
202012,51,830,3,5,Williamsburg (Independent City,24,24,4170860,2,4,426204,0,0,0,0,0,0,24,24,4170860,2,4,426204,0,0,0,0,0,0
202012,53,005,4,9,Benton County                 ,1128,1128,342537005,14,28,4196054,1,4,681857,9,190,26969396,1108,1108,337843445,13,26,3897378,1,4,681857,9,190,26969396
202012,53,011,4,9,Clark County                  ,3282,3282,921162070,13,26,4928373,15,58,8755378,69,1357,167678053,2978,2978,826089402,13,26,4928373,15,58,8755378,68,1352,167172749
202012,53,021,4,9,Franklin County               ,620,620,169035013,0,0,0,0,0,0,0,0,0,620,620,169035013,0,0,0,0,0,0,0,0,0
202012,53,031,4,9,Jefferson County              ,155,155,35162043,1,2,296302,0,0,0,0,0,0,68,68,13512750,1,2,296302,0,0,0,0,0,0
202012,53,033,4,9,King County                   ,3623,3623,1427109062,202,404,104776426,170,578,100114581,256,8548,1081032823,2949,2949,1136256014,196,392,101661958,167,569,98613045,239,8110,1035212158
202012,53,035,4,9,Kitsap County                 ,909,909,278875009,12,24,3879563,1,4,704916,13,348,34642176,909,909,278875009,12,24,3879563,1,4,704916,13,348,34642176
202012,53,053,4,9,Pierce County                 ,2588,2588,777114891,42,84,15464482,19,74,14150633,104,2022,250523252,2584,2584,775268891,42,84,15464482,19,74,14150633,104,2022,250523252
202012,53,055,4,9,San Juan County               ,114,114,30415857,1,2,350900,0,0,0,0,0,0,98,98,26650331,1,2,350900,0,0,0,0,0,0
202012,53,059,4,9,Skamania County               ,82,82,17989531,0,0,0,0,0,0,0,0,0,82,82,17989531,0,0,0,0,0,0,0,0,0
202012,53,061,4,9,Snohomish County              ,2493,2493,777902400,60,120,27764967,14,56,11414779,63,2866,382439124,2471,2471,771093560,59,118,27293902,14,56,11414779,49,2657,361284714
202012,54,011,3,5,Cabell County                 ,82,82,17038336,2,4,373167,1,3,153000,1,12,1454000,40,40,8820129,1,2,158500,1,3,153000,1,12,1454000
202012,54,015,3,5,Clay County                   ,34,34,850000,0,0,0,0,0,0,0,0,0,21,21,525000,0,0,0,0,0,0,0,0,0
202012,54,019,3,5,Fayette County                ,33,33,3431809,0,0,0,0,0,0,0,0,0,23,23,2301693,0,0,0,0,0,0,0,0,0
202012,54,037,3,5,Jefferson County              ,250,250,65875700,1,2,646700,0,0,0,1,36,3500000,246,246,64724422,1,2,646700,0,0,0,1,36,3500000
202012,54,081,3,5,Raleigh County                ,43,43,8071471,0,0,0,0,0,0,0,0,0,43,43,8071471,0,0,0,0,0,0,0,0,0
202012,55,025,2,3,Dane County                   ,1325,1325,467164398,43,86,20040983,9,34,4609500,62,2729,354483015,1193,1193,431286554,37,74,17834307,7,28,3552000,55,2647,342305990
202012,55,031,2,3,Douglas County                ,92,92,18015907,2,4,650000,0,0,0,0,0,0,92,92,18015907,2,4,650000,0,0,0,0,0,0
202012,55,037,2,3,Florence County               ,33,33,9669199,0,0,0,0,0,0,0,0,0,33,33,9669199,0,0,0,0,0,0,0,0,0
202012,55,049,2,3,Iowa County                   ,76,76,21191297,6,12,1450000,0,0,0,0,0,0,76,76,21191297,6,12,1450000,0,0,0,0,0,0
202012,55,059,2,3,Kenosha County                ,228,228,70078086,1,2,400000,0,0,0,0,0,0,211,211,65183622,1,2,400000,0,0,0,0,0,0
202012,55,079,2,3,Milwaukee County              ,218,218,73255983,44,88,13365397,2,8,1620000,11,435,56917226,215,215,72266817,44,88,13365397,2,8,1620000,9,425,55777450
202012,55,089,2,3,Ozaukee County                ,245,245,95538271,15,30,7134997,4,16,1861000,12,134,13414532,185,185,71212632,15,30,7134997,4,16,1861000,9,113,13288750
202012,55,093,2,3,Pierce County                 ,175,175,44640634,0,0,0,0,0,0,10,194,22183782,169,169,42981974,0,0,0,0,0,0,10,194,22183782
202012,55,109,2,3,St. Croix County              ,529,529,139810140,22,44,7779607,1,4,612000,5,165,19614000,499,499,128854356,22,44,7779607,1,4,612000,5,165,19614000
202012,55,131,2,3,Washington County             ,337,337,112598192,33,66,12014800,0,0,0,0,0,0,282,282,89655400,33,66,12014800,0,0,0,0,0,0
202012,56,025,4,8,Natrona County                ,148,148,34944393,2,4,252625,2,7,470000,1,49,4881063,141,141,34015682,2,4,252625,1,4,470000,1,49,4881063
202012,56,029,4,8,Park County                   ,190,190,50955875,2,4,532500,0,0,0,0,0,0,190,190,50955875,2,4,532500,0,0,0,0,0,0
202012,56,039,4,8,Teton County                  ,164,164,256973099,9,18,10186552,5,15,582495,2,10,2080796,140,140,244418588,1,2,5200000,0,0,0,0,0,0
